timestamp,timestamp,duration (s),trialJobId,data
1.60454E+12,1.60454E+12,66.937,yF4G2,0.952585944
1.60454E+12,1.60454E+12,77.363,E3Yt3,0.952583171
1.60454E+12,1.60454E+12,64.948,z6pAq,0.952575061
1.60454E+12,1.60454E+12,71.28,DcaFJ,0.952574848
1.60454E+12,1.60454E+12,69.239,aeh4D,0.952574848
1.60454E+12,1.60454E+12,64.886,NrgwK,0.952574848
1.60454E+12,1.60454E+12,63.11,DIzMv,0.952574322
1.60458E+12,1.60458E+12,52.37,pTskN,0.952569158
1.60454E+12,1.60454E+12,52.596,muBKm,0.952531657
1.6046E+12,1.6046E+12,30.332,cOeNA,0.952429991
1.60454E+12,1.60454E+12,24.48,RBTTG,0.952293012
1.60456E+12,1.60456E+12,19.31,bBzKB,0.952275559
1.60454E+12,1.60454E+12,64.592,ynkxX,0.952245163
1.60454E+12,1.60454E+12,24.268,vv5DP,0.952237057
1.60454E+12,1.60454E+12,24.934,RODYp,0.952186383
1.60455E+12,1.60455E+12,44.464,yZvCB,0.952171212
1.60458E+12,1.60458E+12,18.526,lIkdY,0.95197443
1.60456E+12,1.60456E+12,46.601,SV7sM,0.951924894
1.60457E+12,1.60457E+12,19.178,H4mk4,0.951658619
1.60455E+12,1.60455E+12,19.251,RtSEZ,0.951655115
1.6046E+12,1.6046E+12,47.089,UWSnb,0.950968683
1.60456E+12,1.60456E+12,45.713,KhgPO,0.950968503
1.60455E+12,1.60455E+12,45,JJDIb,0.950968307
1.60455E+12,1.60455E+12,45.307,hM3Jj,0.950968307
1.60458E+12,1.60458E+12,35.635,NR5cC,0.950962398
1.60459E+12,1.60459E+12,35.503,nzGOy,0.950962111
1.60459E+12,1.60459E+12,36.046,tMG9d,0.950962111
1.60454E+12,1.60454E+12,64.48,PKCzY,0.950953049
1.60454E+12,1.60454E+12,50.858,Qcw8u,0.950794928
1.60454E+12,1.60454E+12,54.082,oyEmT,0.950605169
1.60459E+12,1.60459E+12,33.067,j9ufR,0.950582926
1.60456E+12,1.60456E+12,13.937,juW0g,0.95040361
1.6046E+12,1.6046E+12,26.302,n929p,0.950080214
1.60459E+12,1.60459E+12,31.263,wBfjN,0.950016299
1.60458E+12,1.60458E+12,42.665,DawZp,0.950006814
1.60454E+12,1.60454E+12,50.952,RnahX,0.949727057
1.60456E+12,1.60456E+12,60.415,q71Ox,0.949591565
1.60458E+12,1.60458E+12,35.887,acsxQ,0.949557136
1.60457E+12,1.60457E+12,46.302,nk2yD,0.949518228
1.60456E+12,1.60456E+12,46.068,Nwr9v,0.949492396
1.60459E+12,1.60459E+12,19.559,mjfw2,0.94940092
1.60458E+12,1.60458E+12,45.319,bMugW,0.949128046
1.6046E+12,1.6046E+12,44.356,ZSuhN,0.948816332
1.60459E+12,1.60459E+12,21.692,Vj1SW,0.948703801
1.60459E+12,1.60459E+12,27.035,Dqvv4,0.948533306
1.60455E+12,1.60455E+12,31.489,j0G2c,0.948411744
1.6046E+12,1.6046E+12,50.071,dg6QE,0.948255123
1.60457E+12,1.60458E+12,19.082,G7LXI,0.948175482
1.60455E+12,1.60455E+12,19.902,zG2uw,0.948138168
1.6046E+12,1.6046E+12,26.544,kBb5Z,0.948133797
1.60457E+12,1.60457E+12,37.265,zc9ZB,0.94811933
1.6046E+12,1.6046E+12,35.163,Cy01J,0.94811058
1.60456E+12,1.60456E+12,32.733,MePxe,0.948110567
1.60461E+12,1.60461E+12,42.974,TSZUd,0.948099618
1.60454E+12,1.60454E+12,46.767,Qbusi,0.948099612
1.60454E+12,1.60454E+12,46.026,wq6a2,0.948099612
1.6046E+12,1.6046E+12,18.668,hXpYM,0.948080447
1.60457E+12,1.60457E+12,24.279,Oayqy,0.948078677
1.60457E+12,1.60457E+12,23.17,Xlo4k,0.948078655
1.60454E+12,1.60454E+12,25.092,IArcD,0.948065564
1.60456E+12,1.60456E+12,25.629,fC07m,0.948049311
1.60454E+12,1.60454E+12,50.72,zmj5I,0.948045776
1.60458E+12,1.60458E+12,46.16,DRMTS,0.948032071
1.6046E+12,1.6046E+12,17.338,EW81R,0.947933175
1.60454E+12,1.60454E+12,20.194,hvtJX,0.947931609
1.60456E+12,1.60456E+12,17.715,x62RK,0.947846974
1.60458E+12,1.60458E+12,21.847,DCUlk,0.947818684
1.60456E+12,1.60456E+12,22.632,aRjF9,0.947457861
1.60458E+12,1.60458E+12,18.742,WsTAG,0.947366369
1.6046E+12,1.6046E+12,18.578,AWG0s,0.947276105
1.60456E+12,1.60456E+12,21.885,loLVV,0.94715657
1.60458E+12,1.60458E+12,37.573,M750j,0.947082208
1.60454E+12,1.60454E+12,45.269,cpTlf,0.947082192
1.6046E+12,1.6046E+12,32.929,ubKN6,0.946823766
1.60459E+12,1.60459E+12,28.725,dKYry,0.946807834
1.60457E+12,1.60457E+12,30.58,jbfZs,0.946766476
1.60455E+12,1.60455E+12,24.586,HLRcd,0.94673886
1.60457E+12,1.60457E+12,27.023,Y1MXI,0.946707664
1.60457E+12,1.60457E+12,31.667,ZZe79,0.946686821
1.60458E+12,1.60458E+12,48.805,IqPXs,0.946588026
1.60457E+12,1.60457E+12,34.878,xQFzT,0.946498871
1.60454E+12,1.60454E+12,27.34,oD7Hc,0.946225731
1.60455E+12,1.60455E+12,22.809,NCfTv,0.946225731
1.60459E+12,1.60459E+12,30.112,bEzve,0.946225024
1.60457E+12,1.60457E+12,19.519,lj8TN,0.946201783
1.60459E+12,1.60459E+12,18.347,IxOVM,0.946201783
1.60459E+12,1.60459E+12,16.665,MlQ9u,0.946098575
1.60458E+12,1.60458E+12,23.35,ItIQm,0.946069684
1.60456E+12,1.60456E+12,20.252,msBs4,0.945942281
1.60457E+12,1.60457E+12,16.482,F27Cx,0.945864365
1.60455E+12,1.60455E+12,38.163,Mlb4p,0.945827448
1.60456E+12,1.60456E+12,15.816,QKg8v,0.945703379
1.60459E+12,1.60459E+12,17.738,HuyYY,0.945674182
1.60456E+12,1.60456E+12,34.61,prnvF,0.945466192
1.60456E+12,1.60456E+12,28.412,S3aAp,0.945426204
1.60458E+12,1.60458E+12,20.958,ZwTAx,0.945134056
1.60456E+12,1.60456E+12,20.323,xcDg1,0.94468227
1.60456E+12,1.60456E+12,17.506,mbQ5j,0.944559871
1.60459E+12,1.60459E+12,37.702,V2huj,0.944273746
1.60458E+12,1.60458E+12,31.901,EWxpo,0.944146841
1.6046E+12,1.6046E+12,17.497,gQbsz,0.944023551
1.60455E+12,1.60455E+12,19.405,oWOqg,0.9440037
1.60456E+12,1.60456E+12,25.978,wvVXS,0.943895165
1.60458E+12,1.60458E+12,24.69,FoBDf,0.943533791
1.60458E+12,1.60458E+12,29.236,m67E5,0.943507713
1.60455E+12,1.60455E+12,23.519,xBLtO,0.943506996
1.60455E+12,1.60455E+12,24.142,xqqEH,0.943464768
1.60458E+12,1.60458E+12,20.959,YEBXY,0.943441402
1.60455E+12,1.60455E+12,36.166,enSSP,0.942877664
1.60454E+12,1.60454E+12,17.739,WYVLy,0.942849874
1.60455E+12,1.60455E+12,22.424,qdgJ4,0.942818916
1.60454E+12,1.60454E+12,21.714,K2d6y,0.942818906
1.6046E+12,1.6046E+12,20.757,QaAzJ,0.942791798
1.60455E+12,1.60455E+12,29.638,uiple,0.942270907
1.60455E+12,1.60455E+12,29.701,VH5QI,0.942270907
1.60455E+12,1.60455E+12,30.03,yWu8P,0.942270904
1.6046E+12,1.6046E+12,21.523,nucoY,0.942194706
1.60457E+12,1.60457E+12,18.963,K5Ifl,0.942051354
1.60457E+12,1.60457E+12,23.318,uzoGw,0.941924224
1.60455E+12,1.60456E+12,31.288,wHEMc,0.941911423
1.60457E+12,1.60457E+12,36.413,ZUxdA,0.941467386
1.60457E+12,1.60457E+12,37.951,Gmc69,0.941466413
1.6046E+12,1.6046E+12,37.918,XFdB0,0.94145985
1.60455E+12,1.60455E+12,21.969,N0dN1,0.941347116
1.60459E+12,1.60459E+12,24.887,jJ7Bj,0.941324082
1.60457E+12,1.60457E+12,17.422,blShY,0.941243448
1.60458E+12,1.60458E+12,20.32,zYmPQ,0.941243448
1.60455E+12,1.60455E+12,20.434,xJKXy,0.941238226
1.60454E+12,1.60454E+12,22.654,N6ds6,0.940917268
1.60458E+12,1.60458E+12,15.55,D2SvP,0.940823687
1.60457E+12,1.60457E+12,18.309,thSV6,0.940432034
1.60458E+12,1.60458E+12,14.255,y6vIG,0.940415362
1.60459E+12,1.60459E+12,17.714,FrJrm,0.940333157
1.60454E+12,1.60454E+12,17.946,EfkCc,0.940327063
1.6046E+12,1.6046E+12,35.63,M1Ipu,0.940004503
1.6046E+12,1.6046E+12,35.666,vna7q,0.940004503
1.60458E+12,1.60458E+12,24.711,ttKor,0.93990969
1.60457E+12,1.60457E+12,16.565,S451k,0.93958823
1.60456E+12,1.60456E+12,41.583,J79Dy,0.938144937
1.60459E+12,1.60459E+12,41.074,Ms9HY,0.938144937
1.60459E+12,1.60459E+12,43.354,ILnbb,0.938140319
1.60461E+12,1.60461E+12,24.756,OJCs1,0.938129897
1.60454E+12,1.60454E+12,38.58,PeXfF,0.938122205
1.60454E+12,1.60454E+12,37.336,wURa0,0.938122205
1.60454E+12,1.60454E+12,44.931,cgZDr,0.938115757
1.60459E+12,1.60459E+12,34.771,kAPCC,0.938115757
1.60454E+12,1.60454E+12,30.289,URZ0m,0.938109426
1.6046E+12,1.6046E+12,28.223,slNL3,0.938109426
1.60456E+12,1.60456E+12,42.361,i3Zzl,0.938108327
1.60458E+12,1.60458E+12,32.953,SPDYR,0.938097392
1.60458E+12,1.60458E+12,29.263,G5Dea,0.938082373
1.60459E+12,1.60459E+12,17.605,aTq0X,0.938080105
1.60457E+12,1.60457E+12,22.992,MjCfx,0.938054685
1.60459E+12,1.60459E+12,18.855,U6VNi,0.938043525
1.6046E+12,1.6046E+12,44.955,iAbbR,0.937993409
1.60455E+12,1.60455E+12,24.381,AbgOQ,0.937985864
1.60456E+12,1.60456E+12,36.65,treoA,0.937983836
1.60458E+12,1.60458E+12,33.23,SBXzG,0.937982664
1.6046E+12,1.6046E+12,30.627,cw2R8,0.93783702
1.60454E+12,1.60454E+12,22.082,NjYjX,0.937813952
1.60454E+12,1.60454E+12,21.993,FkugH,0.937813952
1.60455E+12,1.60455E+12,26.93,LnTNy,0.93774974
1.60459E+12,1.60459E+12,19.617,cG8Li,0.937740652
1.6046E+12,1.6046E+12,20.686,fPckc,0.937740652
1.60455E+12,1.60455E+12,17.41,QIPGN,0.937721634
1.60459E+12,1.60459E+12,16.155,VDgFJ,0.93749421
1.6046E+12,1.6046E+12,14.786,R3SdS,0.93749421
1.6046E+12,1.6046E+12,42.079,qV9S0,0.937472699
1.6046E+12,1.6046E+12,15.413,xhMcc,0.937274321
1.60458E+12,1.60458E+12,37.037,hgdWD,0.937149248
1.60455E+12,1.60455E+12,27.362,H4RRv,0.936745215
1.60455E+12,1.60455E+12,24.254,sEc1b,0.935587953
1.60456E+12,1.60456E+12,28.223,T6HFv,0.935587953
1.6046E+12,1.6046E+12,26.791,plXbR,0.935587953
1.60456E+12,1.60456E+12,36.363,pVVNl,0.935574042
1.60456E+12,1.60456E+12,27.883,Z7PQv,0.935553556
1.60456E+12,1.60456E+12,19.596,cOlun,0.935522556
1.60456E+12,1.60456E+12,18.101,zhgfX,0.935522556
1.60458E+12,1.60458E+12,20.14,rgMNi,0.935522556
1.60457E+12,1.60457E+12,18.159,ZTU9u,0.935407683
1.60458E+12,1.60458E+12,17.536,mdJVS,0.935407683
1.60459E+12,1.60459E+12,17.518,dKD5a,0.935407683
1.60457E+12,1.60457E+12,22.701,EtQdH,0.935096071
1.6046E+12,1.6046E+12,32.285,JITRv,0.935059501
1.60458E+12,1.60458E+12,28.887,L07EB,0.935059496
1.60455E+12,1.60455E+12,33.363,qmw3H,0.935057796
1.60456E+12,1.60456E+12,17.104,EFaeY,0.934873643
1.6046E+12,1.6046E+12,15.549,HEt4J,0.934855966
1.60456E+12,1.60456E+12,31.541,ec2iF,0.934780105
1.60454E+12,1.60454E+12,31.84,en70u,0.934733476
1.60454E+12,1.60454E+12,43.044,mkZin,0.934709638
1.60459E+12,1.60459E+12,30.727,Wv28k,0.934708084
1.60457E+12,1.60457E+12,18.753,HAsQk,0.93466592
1.60456E+12,1.60456E+12,34.346,kKS9l,0.933679883
1.60455E+12,1.60455E+12,47.77,Ohjrj,0.931929788
1.60457E+12,1.60457E+12,37.468,BxQOL,0.931758891
1.6046E+12,1.6046E+12,18.549,YNF75,0.931757058
1.60458E+12,1.60458E+12,38.789,tmh3z,0.931683771
1.60456E+12,1.60456E+12,54.448,ICLkW,0.931677982
1.60459E+12,1.60459E+12,55.838,fWuXG,0.931677899
1.6046E+12,1.6046E+12,18.361,HM6ww,0.931645917
1.6046E+12,1.6046E+12,20.413,eABUt,0.931564555
1.6046E+12,1.6046E+12,22.923,BCrKG,0.931564555
1.60459E+12,1.60459E+12,29.545,y3YBu,0.931520747
1.60461E+12,1.60461E+12,30.73,hIuDk,0.931520747
1.60457E+12,1.60457E+12,15.655,yUjgA,0.931517316
1.60454E+12,1.60454E+12,24.041,S0n24,0.931503797
1.60458E+12,1.60458E+12,20.145,HLkzU,0.931482391
1.60458E+12,1.60458E+12,19.894,eTDa4,0.931480241
1.60459E+12,1.60459E+12,22.843,Mm8vv,0.931480241
1.60456E+12,1.60456E+12,29.426,O9bkG,0.931480107
1.60454E+12,1.60454E+12,24.871,VKXuZ,0.931475143
1.60456E+12,1.60456E+12,25.207,HvJfg,0.931472636
1.60458E+12,1.60458E+12,24.829,zLWQb,0.931472636
1.60455E+12,1.60455E+12,22.067,blKP7,0.931470702
1.60457E+12,1.60457E+12,19.418,SvMBz,0.931453441
1.60457E+12,1.60457E+12,18.596,ptV9H,0.931423259
1.60459E+12,1.60459E+12,35.78,iU1lf,0.931421806
1.60461E+12,1.60461E+12,39.013,oDa9V,0.931421806
1.60457E+12,1.60457E+12,19.217,upqUx,0.931415304
1.60456E+12,1.60456E+12,26.939,L7mks,0.931415149
1.60457E+12,1.60457E+12,29.701,X2m9U,0.931415149
1.60458E+12,1.60458E+12,25.728,hKvYR,0.931415149
1.60459E+12,1.60459E+12,40.797,cW2Y2,0.931393721
1.60458E+12,1.60458E+12,28.663,Rvrsz,0.931375868
1.60455E+12,1.60455E+12,22.042,DFhx5,0.931352362
1.60457E+12,1.60457E+12,25.874,Qusq1,0.931352362
1.60459E+12,1.60459E+12,25.109,Xxa5N,0.931352362
1.60458E+12,1.60458E+12,22.62,I9MJC,0.931340242
1.6046E+12,1.6046E+12,21.898,Wd1AQ,0.931320267
1.60458E+12,1.60458E+12,25.864,ZzQwa,0.931301786
1.60459E+12,1.60459E+12,26.51,TI1qb,0.931301786
1.6046E+12,1.6046E+12,25.951,wm87n,0.931301786
1.6046E+12,1.6046E+12,26.21,fWq7b,0.931301786
1.60458E+12,1.60458E+12,18.746,BthfG,0.931277452
1.60456E+12,1.60456E+12,19.038,WI6bc,0.931257336
1.60461E+12,1.60461E+12,23.412,aqFqM,0.931219501
1.60456E+12,1.60456E+12,19.494,Rspin,0.931203889
1.60457E+12,1.60457E+12,25.148,cf2Pe,0.931145539
1.6046E+12,1.6046E+12,24.73,FudWT,0.931145539
1.60459E+12,1.60459E+12,25.218,UnbnY,0.93108671
1.60459E+12,1.60459E+12,20.567,GCYz4,0.931071051
1.60455E+12,1.60455E+12,32.088,zQF0d,0.931061522
1.60457E+12,1.60457E+12,28.639,zFATt,0.931036343
1.60458E+12,1.60458E+12,20.473,zWelM,0.931007707
1.60455E+12,1.60455E+12,19.495,dXL73,0.930995669
1.6046E+12,1.6046E+12,19.893,Gvj2Z,0.930995669
1.60454E+12,1.60454E+12,17.436,MGNwn,0.930989657
1.60456E+12,1.60456E+12,28.369,LJMN5,0.930987223
1.60459E+12,1.60459E+12,32.725,AuE2C,0.930960089
1.60455E+12,1.60455E+12,22.458,Hw8RW,0.930941262
1.60456E+12,1.60456E+12,21.263,D6Jzr,0.930941262
1.60456E+12,1.60456E+12,12.685,EPzFE,0.930938626
1.60457E+12,1.60457E+12,25.132,YP0NO,0.930919805
1.6046E+12,1.6046E+12,28.916,abQx1,0.930919805
1.60461E+12,1.60461E+12,29.741,d8o9Q,0.930919805
1.60459E+12,1.60459E+12,13.081,jSu7x,0.930918172
1.60457E+12,1.60457E+12,20.852,uUvuF,0.930909455
1.60458E+12,1.60458E+12,19.988,ujKz5,0.930909455
1.60459E+12,1.60459E+12,19.644,SkS8m,0.930909455
1.60459E+12,1.60459E+12,34.985,YLXpN,0.930861833
1.60458E+12,1.60458E+12,23.334,UAXd9,0.9308507
1.60458E+12,1.60458E+12,25.511,WZFPU,0.93083091
1.60456E+12,1.60456E+12,18.684,QfCDp,0.930830449
1.60459E+12,1.60459E+12,24.21,khlWD,0.930826515
1.60459E+12,1.60459E+12,58.195,Nt8T5,0.930825598
1.60455E+12,1.60455E+12,31.892,c13Jt,0.930799149
1.60455E+12,1.60455E+12,31.973,pQLbX,0.930790664
1.60459E+12,1.60459E+12,32.53,d8qOM,0.930783524
1.60459E+12,1.60459E+12,30.044,Y5pUn,0.930731381
1.60457E+12,1.60457E+12,19.287,e41JE,0.930712004
1.60458E+12,1.60458E+12,22.854,n8ZRw,0.930712004
1.6046E+12,1.6046E+12,24.564,Enewa,0.930709017
1.60456E+12,1.60456E+12,23.502,wadWA,0.930687667
1.60458E+12,1.60458E+12,22.732,XoLbt,0.930684199
1.6046E+12,1.6046E+12,25.738,KJWAG,0.930684199
1.60457E+12,1.60457E+12,27.263,YBY94,0.930677392
1.6046E+12,1.6046E+12,24.075,TI0wj,0.93065949
1.6046E+12,1.6046E+12,22.734,mzgRG,0.93065949
1.60456E+12,1.60456E+12,18.164,xpNbf,0.930638539
1.60456E+12,1.60456E+12,28.418,Ht28d,0.930605187
1.6046E+12,1.6046E+12,29.993,E0JpI,0.930596683
1.60458E+12,1.60458E+12,27.438,eufhy,0.930568896
1.60459E+12,1.60459E+12,16.627,hsD59,0.930367258
1.60459E+12,1.60459E+12,40.392,e8zpX,0.930345726
1.60458E+12,1.60458E+12,16.415,Cx49N,0.930250102
1.6046E+12,1.6046E+12,70.21,eyIFZ,0.930248499
1.60454E+12,1.60454E+12,20.98,GBXSo,0.930223682
1.60457E+12,1.60457E+12,18.608,r4WDW,0.930194516
1.60457E+12,1.60457E+12,17.932,hF46J,0.930182214
1.60454E+12,1.60454E+12,23.368,NUHsE,0.930170075
1.60454E+12,1.60454E+12,32.568,Fofkh,0.930163998
1.60458E+12,1.60458E+12,51.386,f0VY5,0.930138945
1.60458E+12,1.60458E+12,37.352,NK4nP,0.930127476
1.60458E+12,1.60458E+12,54.788,Jws8e,0.930127155
1.60457E+12,1.60457E+12,62.441,XrCep,0.930112668
1.60459E+12,1.60459E+12,60.054,KNNKJ,0.930089775
1.6046E+12,1.6046E+12,66.447,RvVp8,0.930089775
1.60457E+12,1.60457E+12,13.005,LERXF,0.930081032
1.60457E+12,1.60457E+12,23.733,ogXMI,0.93002171
1.60457E+12,1.60457E+12,25.048,lkT1A,0.93002171
1.6046E+12,1.6046E+12,28.91,PZbA1,0.93002171
1.60455E+12,1.60455E+12,16.447,mGQRG,0.930012122
1.60458E+12,1.60458E+12,15.89,HXHtj,0.930012122
1.60459E+12,1.60459E+12,15.479,wqXsw,0.930012122
1.60457E+12,1.60457E+12,19.78,dtos3,0.930006155
1.6046E+12,1.6046E+12,29.997,dZwDm,0.929971698
1.6046E+12,1.6046E+12,21.961,p4orc,0.929966262
1.60459E+12,1.60459E+12,17.304,Z9gff,0.929953728
1.60454E+12,1.60454E+12,71.479,ZjtjE,0.929919312
1.60459E+12,1.60459E+12,64.423,Cul1g,0.929919312
1.60456E+12,1.60456E+12,61.831,yB8ls,0.929919303
1.60457E+12,1.60457E+12,35.162,XZwQw,0.929917643
1.60457E+12,1.60457E+12,37.206,NXsRv,0.929917597
1.6046E+12,1.6046E+12,37.356,bHYvt,0.929917597
1.60455E+12,1.60455E+12,26.309,z6LoL,0.929917102
1.6046E+12,1.6046E+12,27.277,kToP7,0.929917064
1.60456E+12,1.60456E+12,16.077,RS5JT,0.929911444
1.60457E+12,1.60457E+12,20.221,zIYQ4,0.929911444
1.60457E+12,1.60457E+12,19.362,NRt8u,0.929911444
1.60456E+12,1.60456E+12,17.232,zgs2h,0.929823329
1.60457E+12,1.60457E+12,30.543,cl7vK,0.929746648
1.6046E+12,1.6046E+12,18.422,vTnBd,0.929692026
1.60457E+12,1.60457E+12,22.64,IIHCV,0.929513569
1.60456E+12,1.60456E+12,18.261,RDY3q,0.929239116
1.60459E+12,1.60459E+12,29.047,c6rMB,0.929096751
1.60456E+12,1.60456E+12,26.527,TE4vi,0.929015091
1.60456E+12,1.60456E+12,19.969,p30mB,0.928908117
1.60459E+12,1.60459E+12,20.024,wh97R,0.928908117
1.60454E+12,1.60454E+12,66.945,V6VNV,0.928901437
1.60455E+12,1.60455E+12,22.583,d7JPN,0.928783646
1.60458E+12,1.60458E+12,72.819,HMX2j,0.928720516
1.60456E+12,1.60456E+12,74.592,inYbU,0.92872039
1.60457E+12,1.60457E+12,20.103,crTiB,0.928718531
1.6046E+12,1.6046E+12,76.992,POJaS,0.928718255
1.6046E+12,1.6046E+12,28.401,OxZ0t,0.928712488
1.60455E+12,1.60455E+12,59.744,DJ05a,0.928695228
1.60457E+12,1.60457E+12,17.339,pXf5U,0.928593684
1.60456E+12,1.60456E+12,12.399,pGphz,0.928546144
1.60454E+12,1.60454E+12,20.71,x1BER,0.928541812
1.60457E+12,1.60457E+12,19.073,TEnXD,0.928541812
1.60456E+12,1.60456E+12,22.529,SM7F0,0.928541666
1.60454E+12,1.60454E+12,21.783,abidp,0.928539241
1.60456E+12,1.60456E+12,28.605,Hfy3n,0.928537371
1.6046E+12,1.6046E+12,32.347,X7rQO,0.92834269
1.60459E+12,1.60459E+12,17.408,HrvrE,0.927982475
1.60455E+12,1.60455E+12,16.348,mKSgM,0.927982114
1.60458E+12,1.60458E+12,28.652,FQ4iB,0.927884364
1.60457E+12,1.60457E+12,33.227,TpXbt,0.92777548
1.60454E+12,1.60454E+12,19.389,OQlcd,0.927544926
1.60456E+12,1.60456E+12,19.652,K5Ho5,0.927517068
1.60457E+12,1.60457E+12,24.576,lOhlM,0.927415951
1.60456E+12,1.60456E+12,22.463,FDgUT,0.927289809
1.60455E+12,1.60455E+12,18.446,NY00K,0.927132081
1.6046E+12,1.6046E+12,46.15,T0okD,0.927071755
1.60458E+12,1.60458E+12,26.282,l3EwJ,0.927070847
1.60454E+12,1.60454E+12,40.213,Ht9mi,0.927067005
1.60457E+12,1.60457E+12,34.187,EjgP9,0.927066082
1.6046E+12,1.6046E+12,38.226,mU1XZ,0.927055946
1.60457E+12,1.60457E+12,25.565,rhvMj,0.927053121
1.60454E+12,1.60454E+12,46.327,oiuYz,0.927039451
1.60457E+12,1.60457E+12,41.044,DmfqI,0.927039451
1.60458E+12,1.60458E+12,85.226,Lzai3,0.927021457
1.6046E+12,1.6046E+12,29.483,jEqfF,0.926996189
1.6046E+12,1.6046E+12,42.784,AhyQA,0.926993167
1.60457E+12,1.60457E+12,18.983,Jkl21,0.92699136
1.60457E+12,1.60457E+12,26.27,kF8gJ,0.926989483
1.60455E+12,1.60455E+12,40.677,gMoQj,0.926988258
1.6046E+12,1.6046E+12,27.671,RbhBw,0.926988057
1.60454E+12,1.60454E+12,33.518,PN4Sl,0.926984743
1.60456E+12,1.60456E+12,21.615,RqrGB,0.926979097
1.60461E+12,1.60461E+12,45.099,r0mD7,0.926977153
1.60458E+12,1.60458E+12,39.348,UY8Iz,0.92697699
1.60457E+12,1.60457E+12,30.048,ltRNT,0.926976637
1.60456E+12,1.60456E+12,16.754,PEvfd,0.926976445
1.60459E+12,1.60459E+12,41.817,uUcBl,0.926972538
1.60456E+12,1.60456E+12,37.701,bkf8l,0.926954743
1.60456E+12,1.60456E+12,39.089,nxljU,0.926954743
1.60458E+12,1.60458E+12,14.852,xylu7,0.926954451
1.60455E+12,1.60455E+12,14.079,jxHEh,0.926936616
1.60459E+12,1.60459E+12,18.967,cfMqR,0.926935577
1.60455E+12,1.60455E+12,27.328,egpmd,0.92692907
1.60458E+12,1.60458E+12,27.003,PpMlD,0.926917234
1.60457E+12,1.60457E+12,32.644,DS73l,0.92691652
1.60458E+12,1.60458E+12,28.998,wUlcO,0.92691652
1.60458E+12,1.60458E+12,15.612,s5e8U,0.92690126
1.60454E+12,1.60454E+12,19.554,LvJ3W,0.92689396
1.60459E+12,1.60459E+12,16.013,xURbJ,0.92689396
1.60455E+12,1.60455E+12,29.101,D3A8r,0.926873682
1.60454E+12,1.60454E+12,20.232,XNopH,0.926870913
1.60455E+12,1.60455E+12,15.034,tf8qU,0.926854597
1.6046E+12,1.6046E+12,15.67,aNsqD,0.926850108
1.60458E+12,1.60458E+12,28.44,Gjgni,0.926577078
1.6046E+12,1.6046E+12,18.382,eZrIv,0.926331693
1.60455E+12,1.60455E+12,33.285,lDZ7j,0.926207045
1.60458E+12,1.60458E+12,26.102,ofHnu,0.926062957
1.60455E+12,1.60455E+12,18.359,EtHle,0.926059945
1.60458E+12,1.60458E+12,11.96,JFv6j,0.926035135
1.60456E+12,1.60456E+12,30.838,o3uWq,0.925959232
1.60458E+12,1.60458E+12,40.359,nEEIY,0.925943581
1.60456E+12,1.60456E+12,17.093,IOdCb,0.925901097
1.60458E+12,1.60458E+12,20.804,wXIWm,0.925901097
1.6046E+12,1.6046E+12,20.832,m6qSv,0.925900421
1.60455E+12,1.60455E+12,69.358,w6INW,0.92588645
1.60457E+12,1.60457E+12,25.821,HuUxv,0.925884912
1.60457E+12,1.60457E+12,25.81,PE6AS,0.925878584
1.60459E+12,1.60459E+12,17.245,EphBF,0.925834491
1.60456E+12,1.60456E+12,48.219,ZVO4T,0.925833117
1.60457E+12,1.60457E+12,49.081,eud1D,0.925827026
1.60459E+12,1.60459E+12,50.917,p8j8S,0.925812379
1.60459E+12,1.60459E+12,17.602,dC13I,0.925753898
1.60455E+12,1.60455E+12,31.757,t3Vay,0.925709146
1.60458E+12,1.60458E+12,22.319,okVaG,0.925699478
1.60459E+12,1.60459E+12,29.202,cvacT,0.925606091
1.6046E+12,1.6046E+12,18.731,KGMHv,0.925187512
1.60455E+12,1.60455E+12,31.387,U2e39,0.925118839
1.60456E+12,1.60456E+12,59.664,Y5stv,0.924828978
1.60457E+12,1.60457E+12,33.71,Ky9mQ,0.924406633
1.60458E+12,1.60458E+12,23.361,wkQ1j,0.92421631
1.60457E+12,1.60457E+12,33.521,FUhJB,0.92413542
1.60457E+12,1.60457E+12,110.472,Git4S,0.923938771
1.60458E+12,1.60458E+12,37.022,PWFIo,0.92384726
1.60457E+12,1.60457E+12,101.502,kL64n,0.92382591
1.60458E+12,1.60458E+12,31.953,d73ba,0.923670911
1.60455E+12,1.60455E+12,21.059,xAvov,0.923648184
1.60457E+12,1.60457E+12,33.74,U8kYE,0.923621524
1.60458E+12,1.60458E+12,27.594,SrDF1,0.923611765
1.60458E+12,1.60458E+12,24.83,u3nOR,0.923611765
1.60455E+12,1.60455E+12,37.588,a0ioy,0.923578024
1.60456E+12,1.60456E+12,39.828,TDIn1,0.923578024
1.60455E+12,1.60455E+12,14.353,ft0Yq,0.923564498
1.60455E+12,1.60455E+12,17.748,s54Y2,0.923564498
1.6046E+12,1.6046E+12,31.096,t0QBr,0.923025924
1.60458E+12,1.60458E+12,13.107,nvybY,0.922613504
1.6046E+12,1.6046E+12,16.779,yZW8n,0.922577963
1.60458E+12,1.60458E+12,33.684,Y3Elo,0.922423586
1.6046E+12,1.6046E+12,20.059,NRxgz,0.922387887
1.6046E+12,1.6046E+12,24.974,U8DYM,0.922387887
1.60456E+12,1.60456E+12,47.241,F6PGj,0.922387887
1.60458E+12,1.60458E+12,52.142,j6i4w,0.922387887
1.6046E+12,1.6046E+12,49.542,txdF2,0.922387887
1.60456E+12,1.60456E+12,14.487,mGgmv,0.922387885
1.60458E+12,1.60458E+12,59.421,p0CzS,0.922387885
1.60456E+12,1.60456E+12,32.869,sCxzE,0.922387885
1.6046E+12,1.6046E+12,18.215,mVDfM,0.922387776
1.6046E+12,1.6046E+12,38.878,OGoWH,0.922387776
1.6046E+12,1.6046E+12,25.906,bsc8G,0.922374712
1.60459E+12,1.60459E+12,16.793,ehB4u,0.922318124
1.6046E+12,1.6046E+12,20.289,sZqiJ,0.922035691
1.6046E+12,1.6046E+12,50.634,LARp1,0.921893821
1.60458E+12,1.60458E+12,19.349,g3hDH,0.921887046
1.60458E+12,1.60458E+12,13.793,aF6ru,0.921872372
1.60455E+12,1.60455E+12,33.684,oMUBI,0.921860773
1.60457E+12,1.60457E+12,44.894,Si3RN,0.921855833
1.60459E+12,1.60459E+12,21.38,JgP3o,0.921803632
1.60455E+12,1.60455E+12,33.994,a8svJ,0.921769511
1.6046E+12,1.6046E+12,33.503,URqpa,0.921769511
1.60458E+12,1.60458E+12,14.649,G4RLX,0.921754783
1.60456E+12,1.60456E+12,14.786,VCGJB,0.921703502
1.60455E+12,1.60455E+12,23.44,NXVwQ,0.921698388
1.6046E+12,1.6046E+12,24.697,Omg13,0.921698388
1.60455E+12,1.60455E+12,23.744,bN4ec,0.921502479
1.60455E+12,1.60455E+12,38.978,Ksu7I,0.921473706
1.60457E+12,1.60457E+12,44.435,rhO6v,0.921473706
1.60459E+12,1.60459E+12,44.23,ddF4l,0.921473706
1.60458E+12,1.60458E+12,54.96,pZO3P,0.921463416
1.60458E+12,1.60458E+12,34.081,tap7M,0.921436802
1.60455E+12,1.60455E+12,16.893,vEIdc,0.921394691
1.60458E+12,1.60458E+12,17.079,vIBh3,0.921342865
1.60455E+12,1.60455E+12,52.759,wbLnL,0.9213305
1.60455E+12,1.60455E+12,33.883,K12UI,0.9213305
1.60458E+12,1.60458E+12,32.892,stYXB,0.9213305
1.60455E+12,1.60455E+12,24.7,kCJeC,0.9213305
1.60458E+12,1.60458E+12,24.468,XbDmX,0.9213305
1.60459E+12,1.60459E+12,21.867,ukvIn,0.9213305
1.6046E+12,1.6046E+12,24.403,wyJsd,0.921305591
1.60455E+12,1.60455E+12,18.034,duR86,0.921251899
1.6046E+12,1.6046E+12,34.373,otdU5,0.921174822
1.60456E+12,1.60456E+12,23.826,uuEZN,0.921128298
1.60457E+12,1.60457E+12,16.334,iaKhk,0.92111454
1.60459E+12,1.60459E+12,44.609,z2Dp1,0.9210397
1.60456E+12,1.60456E+12,13.219,XjzdD,0.920976935
1.60454E+12,1.60454E+12,24.304,YKTH2,0.920894192
1.6046E+12,1.6046E+12,23.384,tiEsE,0.920884603
1.60458E+12,1.60458E+12,18.87,SlG1x,0.920875955
1.6046E+12,1.6046E+12,17.845,k77LT,0.920872099
1.60455E+12,1.60455E+12,21.203,aS5wA,0.920859675
1.60459E+12,1.60459E+12,36.31,uNFJy,0.920845715
1.60456E+12,1.60456E+12,29.551,hdO8z,0.920842946
1.60456E+12,1.60456E+12,52.156,zxjMF,0.920824741
1.60457E+12,1.60457E+12,52.109,HKdlg,0.920823989
1.60459E+12,1.60459E+12,18.1,FDw3S,0.920725622
1.60457E+12,1.60457E+12,17.93,RWpNR,0.920715322
1.60458E+12,1.60458E+12,16.166,QgUjO,0.920715322
1.60457E+12,1.60457E+12,15.787,mR4go,0.920693801
1.60456E+12,1.60456E+12,27.088,qBwUl,0.920688708
1.60455E+12,1.60455E+12,16.686,sW5nN,0.92063363
1.60459E+12,1.60459E+12,13.608,pB4cl,0.920608744
1.60457E+12,1.60457E+12,23.146,BsXEN,0.920589638
1.60459E+12,1.60459E+12,27.819,NF5Ug,0.920589638
1.60456E+12,1.60456E+12,17.942,LBm6D,0.920582339
1.60458E+12,1.60458E+12,21.725,YMqnJ,0.920506644
1.60457E+12,1.60457E+12,25.836,HeaTV,0.920495583
1.60458E+12,1.60458E+12,21.218,w0j0K,0.920495583
1.6046E+12,1.6046E+12,24.529,jMJxX,0.920495583
1.60454E+12,1.60454E+12,26.113,AR4nm,0.92049426
1.60459E+12,1.60459E+12,15.945,nUdXK,0.920472467
1.60459E+12,1.60459E+12,29.484,jKJmk,0.920460725
1.6046E+12,1.6046E+12,28.83,npYAf,0.920459702
1.60457E+12,1.60457E+12,26.522,hSQXN,0.920379891
1.60458E+12,1.60458E+12,13.638,FA90l,0.92034554
1.60454E+12,1.60454E+12,29.762,BinYY,0.920337391
1.60455E+12,1.60455E+12,24.061,bu65x,0.920337391
1.60458E+12,1.60458E+12,17.264,wVrsI,0.920309217
1.60455E+12,1.60455E+12,16.826,rXxEj,0.920303777
1.60457E+12,1.60457E+12,15.214,D4OIv,0.920299289
1.60458E+12,1.60458E+12,17.543,jGv7R,0.920296951
1.60457E+12,1.60457E+12,22.268,wKQ7M,0.920290436
1.60459E+12,1.60459E+12,25.706,xyn4l,0.920288144
1.60458E+12,1.60458E+12,17.406,eL7Tf,0.920270551
1.60459E+12,1.60459E+12,19.42,rRnJe,0.920270551
1.60454E+12,1.60454E+12,20.932,XHRbF,0.920269655
1.60458E+12,1.60458E+12,19.963,UY1EF,0.920269655
1.6046E+12,1.6046E+12,20.929,rWkvb,0.920269655
1.6046E+12,1.6046E+12,17.265,fSoEo,0.920269655
1.6046E+12,1.6046E+12,21.316,ZtIOD,0.920269655
1.60456E+12,1.60456E+12,17.305,mEiTP,0.920257236
1.6046E+12,1.6046E+12,51.981,lrJ9S,0.920243238
1.60455E+12,1.60455E+12,24.058,I3taF,0.920211669
1.60459E+12,1.60459E+12,42.32,Ggihv,0.920208646
1.60459E+12,1.60459E+12,26.334,zkSYN,0.920206813
1.60459E+12,1.60459E+12,19.68,EBNOv,0.920198374
1.6046E+12,1.6046E+12,18.627,TkyeI,0.920193732
1.6046E+12,1.6046E+12,24.434,CaQ4J,0.920193732
1.60457E+12,1.60457E+12,25.437,dSpdz,0.920178485
1.60458E+12,1.60458E+12,27.439,nilUW,0.920178485
1.60455E+12,1.60455E+12,33.544,uLRCH,0.920098714
1.60458E+12,1.60458E+12,32.985,JNcEI,0.920098714
1.60459E+12,1.60459E+12,24.931,ifuEi,0.920097248
1.60456E+12,1.60456E+12,24.413,tJSAH,0.920051192
1.60455E+12,1.60455E+12,24.063,vq2tk,0.920049974
1.6046E+12,1.6046E+12,23.875,VJmQT,0.920049974
1.6046E+12,1.6046E+12,16.484,SqyEI,0.919987033
1.60456E+12,1.60456E+12,30.227,l4o8o,0.919952651
1.60458E+12,1.60458E+12,30.677,Bbh0J,0.919952651
1.6046E+12,1.6046E+12,31.198,s1zt5,0.919931556
1.60456E+12,1.60456E+12,12.262,tzmmx,0.919897422
1.60459E+12,1.60459E+12,23.613,wwgpf,0.919873612
1.60455E+12,1.60455E+12,26.519,obC1k,0.91980162
1.60457E+12,1.60457E+12,22.645,DWcSD,0.91980162
1.6046E+12,1.6046E+12,29.292,azFNL,0.91980162
1.60455E+12,1.60455E+12,26.353,vFCN3,0.919598827
1.6046E+12,1.6046E+12,25.507,MXXtI,0.919598827
1.6046E+12,1.6046E+12,28.85,fGDyG,0.919598827
1.60455E+12,1.60455E+12,30.794,pJr9x,0.919562171
1.60456E+12,1.60456E+12,22.561,bFeos,0.919556546
1.60456E+12,1.60456E+12,29.31,OAbqk,0.919515921
1.60457E+12,1.60457E+12,30.953,GP3sj,0.919515921
1.60459E+12,1.60459E+12,30.73,NFkJd,0.919503248
1.60458E+12,1.60458E+12,28.299,bd97D,0.919453649
1.60455E+12,1.60455E+12,16.392,GiAdE,0.919424019
1.60458E+12,1.60458E+12,28.352,o6qqZ,0.919419256
1.60456E+12,1.60456E+12,16.315,aMS1i,0.919414821
1.6046E+12,1.6046E+12,16.953,DSykR,0.919412546
1.60455E+12,1.60455E+12,21.951,gj4dq,0.919399499
1.60456E+12,1.60456E+12,27.31,IS6V2,0.919399499
1.60458E+12,1.60458E+12,28.754,QIQl8,0.919376425
1.60455E+12,1.60455E+12,22.079,y8nTg,0.919366482
1.60457E+12,1.60457E+12,24.585,wONNb,0.919309816
1.60459E+12,1.60459E+12,25.349,PdskJ,0.919294876
1.60456E+12,1.60456E+12,17.589,wEvcX,0.919287763
1.6046E+12,1.6046E+12,25.62,WXBGd,0.919287763
1.60455E+12,1.60455E+12,26.676,JyBaN,0.919282909
1.60456E+12,1.60456E+12,27.031,m3oh7,0.919282909
1.60456E+12,1.60456E+12,22.464,f20jo,0.919277785
1.60455E+12,1.60455E+12,27.46,G5Naf,0.919242642
1.60457E+12,1.60457E+12,25.26,Ya6l1,0.919137669
1.6046E+12,1.6046E+12,12.785,yuZke,0.919062573
1.60455E+12,1.60455E+12,30.866,yTT7G,0.91902712
1.60455E+12,1.60455E+12,13.936,b6VkH,0.91902093
1.60457E+12,1.60457E+12,16.534,L1yzU,0.918992743
1.6046E+12,1.6046E+12,14.398,JVv4L,0.918992743
1.60455E+12,1.60455E+12,16.563,i6haK,0.918926902
1.60455E+12,1.60455E+12,22.08,PHTEC,0.918915592
1.60456E+12,1.60456E+12,22.151,flzLH,0.918915592
1.60459E+12,1.60459E+12,24.743,sL5M9,0.918915592
1.60459E+12,1.60459E+12,19.622,ZPcak,0.918915592
1.6046E+12,1.6046E+12,32.439,BxHGs,0.918897279
1.60458E+12,1.60458E+12,11.796,cZui2,0.918893314
1.60455E+12,1.60455E+12,16.642,uSTCd,0.918882396
1.60455E+12,1.60455E+12,12.299,Y2cKP,0.918882396
1.60454E+12,1.60454E+12,28.769,cAI75,0.918869432
1.60456E+12,1.60456E+12,23.596,NPee5,0.918869432
1.60457E+12,1.60457E+12,27.515,bzJZv,0.918869432
1.60459E+12,1.60459E+12,23.414,C8xuT,0.918857636
1.6046E+12,1.6046E+12,30.062,WRr9j,0.918608818
1.60458E+12,1.60458E+12,18.099,Q3pa4,0.918579415
1.60455E+12,1.60455E+12,31.483,wYdqB,0.918536649
1.60457E+12,1.60457E+12,31.111,Cu3aF,0.918536649
1.60458E+12,1.60458E+12,16.541,pIHCD,0.918476927
1.60455E+12,1.60455E+12,16.254,xFFit,0.918382289
1.60458E+12,1.60458E+12,15.455,K5ref,0.918382289
1.60456E+12,1.60456E+12,18.399,Ygjk9,0.918340191
1.60456E+12,1.60456E+12,20.454,KBDln,0.918253688
1.60458E+12,1.60458E+12,20.706,LKS60,0.918242005
1.60459E+12,1.60459E+12,21.401,Nch3C,0.918242005
1.6046E+12,1.6046E+12,21.641,g85CS,0.918242005
1.6046E+12,1.6046E+12,15.593,joBXX,0.918240817
1.60456E+12,1.60456E+12,20.698,XqcDY,0.918179518
1.60455E+12,1.60455E+12,24.916,hlVmr,0.918026391
1.60456E+12,1.60456E+12,20.198,GFGZR,0.918026391
1.60457E+12,1.60457E+12,20.567,srNuq,0.918026391
1.60456E+12,1.60456E+12,17.037,yIsZ0,0.91736667
1.60457E+12,1.60457E+12,16.352,tRB0o,0.91736667
1.60457E+12,1.60457E+12,11.577,BUgWu,0.91736667
1.60457E+12,1.60457E+12,13.767,jL2uD,0.917094087
1.60456E+12,1.60456E+12,25.072,moid5,0.916843414
1.60459E+12,1.60459E+12,26.774,oczHn,0.916753333
1.60456E+12,1.60456E+12,26.901,YCK1q,0.916681956
1.60454E+12,1.60454E+12,59.994,pq5ox,0.916441265
1.60457E+12,1.60457E+12,53.441,MoznE,0.916441265
1.6046E+12,1.6046E+12,51.747,XrGiK,0.916441265
1.60458E+12,1.60458E+12,15.601,n21WL,0.916441265
1.60458E+12,1.60458E+12,14.686,mSjqn,0.916441265
1.6046E+12,1.6046E+12,46.883,G9X0j,0.916441265
1.60455E+12,1.60455E+12,30.708,rg5fT,0.916441265
1.60456E+12,1.60456E+12,30.33,ZthxE,0.916441265
1.60457E+12,1.60457E+12,54.703,DrFiz,0.916438091
1.60457E+12,1.60457E+12,30.432,E2InH,0.916438091
1.60456E+12,1.60456E+12,15.267,Du9Is,0.916172339
1.6046E+12,1.6046E+12,16.648,TzpUl,0.915770941
1.60454E+12,1.60454E+12,24.704,fuL8Z,0.913749527
1.6046E+12,1.6046E+12,23.458,WV3Uc,0.913749527
1.60457E+12,1.60457E+12,21.812,DMA8a,0.913424543
1.60458E+12,1.60458E+12,24.669,ZfoYS,0.913424543
1.6046E+12,1.6046E+12,23.746,e1K5p,0.913372796
1.60459E+12,1.60459E+12,28.85,g88fM,0.913350749
1.6046E+12,1.6046E+12,29.088,UIUqj,0.913290361
1.60454E+12,1.60454E+12,25.825,YttO1,0.913274004
1.60459E+12,1.60459E+12,20.756,p92UR,0.913129731
1.60459E+12,1.60459E+12,18.599,TqkRV,0.912647916
1.60457E+12,1.60457E+12,16.869,yu7Yu,0.911490261
1.60457E+12,1.60457E+12,12.661,VCUFN,0.910703013
1.6046E+12,1.6046E+12,27.25,cp8SR,0.90992341
1.60455E+12,1.60455E+12,25.916,IV1Aq,0.909922086
1.60456E+12,1.60456E+12,22.029,vHKKx,0.909860019
1.6046E+12,1.6046E+12,30.603,KKgbz,0.90984626
1.60456E+12,1.60456E+12,28.556,bWyds,0.909746299
1.60458E+12,1.60458E+12,18.284,JrLkf,0.909740121
1.60458E+12,1.60458E+12,23.025,UMgjf,0.909740121
1.6046E+12,1.6046E+12,14.812,bymGW,0.909630224
1.6046E+12,1.6046E+12,17.31,tSzjc,0.909630224
1.60455E+12,1.60455E+12,23.661,zPmIZ,0.90962787
1.60455E+12,1.60455E+12,36.676,QNw1X,0.90962787
1.60456E+12,1.60456E+12,51.1,YC1TE,0.90962787
1.60459E+12,1.60459E+12,25.581,nqUIB,0.90962787
1.6046E+12,1.6046E+12,24.533,Xrzlz,0.90962787
1.6046E+12,1.6046E+12,25.31,szKii,0.90962787
1.6046E+12,1.6046E+12,25.005,mJkna,0.909564166
1.60455E+12,1.60455E+12,35.926,sKPdA,0.909527575
1.60457E+12,1.60457E+12,41.367,YgeEg,0.909527575
1.60459E+12,1.60459E+12,39.36,DzO7P,0.909527575
1.6046E+12,1.6046E+12,18.143,L2Bh2,0.909454106
1.60454E+12,1.60454E+12,17.855,aFs4U,0.909205034
1.6046E+12,1.6046E+12,27.326,BKiSi,0.909152058
1.60455E+12,1.60455E+12,25.496,iYcIf,0.909141411
1.60454E+12,1.60454E+12,26.889,xl27V,0.909102153
1.60459E+12,1.60459E+12,32.272,HnFP1,0.90907483
1.60459E+12,1.60459E+12,16.851,XWOiu,0.909035978
1.60455E+12,1.60455E+12,41.155,K907q,0.909019397
1.60457E+12,1.60457E+12,41.239,klXK2,0.909019397
1.60458E+12,1.60458E+12,23.909,XfGNN,0.909018901
1.60455E+12,1.60455E+12,45.806,ejhzC,0.909018
1.60458E+12,1.60458E+12,22.818,jd3RY,0.909016458
1.60459E+12,1.60459E+12,32.551,S41Cg,0.909000009
1.60461E+12,1.60461E+12,30.667,pqVBN,0.909000009
1.60456E+12,1.60456E+12,47.794,OBBua,0.908999604
1.60456E+12,1.60456E+12,49.508,A35uK,0.908999604
1.60457E+12,1.60457E+12,48.428,Fec07,0.908999604
1.60459E+12,1.60459E+12,49.884,EDlEK,0.908999604
1.60455E+12,1.60455E+12,30.087,SplTn,0.908985515
1.6046E+12,1.6046E+12,34.815,n0TfL,0.908985515
1.60456E+12,1.60456E+12,23.401,Ts5VG,0.908980639
1.6046E+12,1.6046E+12,23.547,sLrTZ,0.908980639
1.60459E+12,1.60459E+12,41.194,COcHG,0.908978765
1.60459E+12,1.60459E+12,42.37,LRJjA,0.908978765
1.6046E+12,1.60461E+12,42.734,LNANM,0.908978765
1.60457E+12,1.60457E+12,45.385,Vqwcf,0.908968793
1.60458E+12,1.60458E+12,46.546,k1a3n,0.908968793
1.60459E+12,1.60459E+12,32.724,wgDrK,0.90896419
1.60455E+12,1.60455E+12,49.099,wAWVJ,0.908932974
1.60455E+12,1.60455E+12,18.19,Kt84A,0.908743266
1.60456E+12,1.60456E+12,18.111,wAJ8e,0.908743266
1.60454E+12,1.60454E+12,25.158,Lg0oV,0.908028298
1.60457E+12,1.60457E+12,31.604,Vh0Fs,0.90801913
1.60457E+12,1.60457E+12,32.63,DCsep,0.90801913
1.6046E+12,1.6046E+12,35.27,aPwR4,0.90801913
1.60457E+12,1.60457E+12,26.466,yREe0,0.908016938
1.60459E+12,1.60459E+12,20.353,QXfSj,0.908010931
1.60459E+12,1.60459E+12,19.23,OHPGu,0.908010931
1.60454E+12,1.60454E+12,18.947,GtYm9,0.908004958
1.60459E+12,1.60459E+12,31.426,F74vt,0.908004596
1.60455E+12,1.60455E+12,15.138,IvxTS,0.907995173
1.60459E+12,1.60459E+12,15.636,rT711,0.907995173
1.60456E+12,1.60456E+12,18.1,F31Fy,0.90798996
1.60457E+12,1.60457E+12,21.308,cyCTU,0.907981371
1.60455E+12,1.60455E+12,18.371,nYpAe,0.907978952
1.6046E+12,1.6046E+12,38.128,E40Cm,0.907976102
1.60456E+12,1.60456E+12,26.099,NvJcY,0.907956698
1.60455E+12,1.60455E+12,25.972,p7Y0l,0.907955647
1.6046E+12,1.6046E+12,28.106,wMsuF,0.907955647
1.60455E+12,1.60455E+12,23.363,SpBCq,0.907952858
1.60459E+12,1.60459E+12,36.747,nhwD6,0.907949232
1.60457E+12,1.60457E+12,29.452,D4gIE,0.907949139
1.60458E+12,1.60458E+12,28.693,SrmYv,0.907949139
1.60457E+12,1.60457E+12,33.739,yze4P,0.907946219
1.60454E+12,1.60454E+12,36.663,FQEqP,0.907945189
1.60455E+12,1.60455E+12,27.977,wnHYl,0.907945189
1.60456E+12,1.60456E+12,33.038,MHOil,0.907945189
1.60458E+12,1.60458E+12,30.352,JCCUt,0.907945189
1.60454E+12,1.60454E+12,49.635,voJ3r,0.907939732
1.60461E+12,1.60461E+12,39.192,sEKwk,0.907916669
1.60455E+12,1.60455E+12,37.398,lFkL5,0.907915638
1.60455E+12,1.60455E+12,36.957,lZHFg,0.907915168
1.60455E+12,1.60455E+12,35.162,LObp0,0.907915168
1.60455E+12,1.60455E+12,40.978,mstlZ,0.907732005
1.60457E+12,1.60457E+12,14.501,UxiuG,0.907732005
1.60457E+12,1.60457E+12,42.438,z9AAB,0.907732005
1.60459E+12,1.60459E+12,18.497,hQKsb,0.907732005
1.60459E+12,1.60459E+12,20.217,B2k31,0.907732005
1.60461E+12,1.60461E+12,44.601,wmIHW,0.907732005
1.60456E+12,1.60456E+12,26.823,niort,0.907722385
1.60456E+12,1.60456E+12,34.86,aT23R,0.907687219
1.60458E+12,1.60458E+12,39.062,VTvtJ,0.907687219
1.60455E+12,1.60455E+12,16.884,gRZ1r,0.907603023
1.60458E+12,1.60458E+12,14.512,edlFU,0.907068436
1.60456E+12,1.60456E+12,26.544,KWcnL,0.906959454
1.60456E+12,1.60456E+12,16.728,UqGeq,0.906951597
1.60459E+12,1.60459E+12,34.422,A8kvj,0.906949271
1.6046E+12,1.6046E+12,33.012,Mmtcu,0.906949271
1.60457E+12,1.60457E+12,38.045,jo2ZQ,0.90690227
1.60458E+12,1.60458E+12,18.008,UHUCq,0.906820283
1.60455E+12,1.60455E+12,16.493,bQ2rW,0.906280854
1.60457E+12,1.60457E+12,17.552,ov6ti,0.90531843
1.60459E+12,1.60459E+12,18.298,CL66K,0.905170323
1.60456E+12,1.60456E+12,17.946,sQSTh,0.905167045
1.60458E+12,1.60458E+12,17.122,Gx7qN,0.905167045
1.60458E+12,1.60458E+12,18.411,vzsmI,0.905152758
1.60458E+12,1.60458E+12,14.946,gNDsh,0.905081149
1.60458E+12,1.60458E+12,17.589,NFlzz,0.90497707
1.60457E+12,1.60457E+12,13.018,Eqeh7,0.904973554
1.60456E+12,1.60456E+12,18.377,WAmLx,0.904970473
1.60459E+12,1.60459E+12,14.485,mTLer,0.904964266
1.60457E+12,1.60457E+12,17.526,NKyQr,0.904890053
1.60456E+12,1.60456E+12,16.936,wC5zh,0.904880507
1.60455E+12,1.60455E+12,17.595,ABqIG,0.904866413
1.60458E+12,1.60458E+12,16.112,ecBki,0.904856437
1.6046E+12,1.6046E+12,18.811,QPjQL,0.904856437
1.60456E+12,1.60456E+12,26.387,eTCtX,0.904563221
1.60459E+12,1.60459E+12,15.802,XlQQu,0.904559784
1.60458E+12,1.60458E+12,24.653,j0y5i,0.904543983
1.60458E+12,1.60458E+12,17.4,WP1hz,0.904531236
1.60456E+12,1.60456E+12,15.303,JVMyv,0.904488655
1.60458E+12,1.60458E+12,18.833,IRDFM,0.904488655
1.60456E+12,1.60456E+12,19.07,dsVg8,0.90446385
1.60458E+12,1.60458E+12,17.702,v8Bag,0.90446385
1.60459E+12,1.60459E+12,25.081,Qe6yC,0.904421368
1.6046E+12,1.6046E+12,25.975,Xxtry,0.904421368
1.60455E+12,1.60455E+12,26.32,BYseQ,0.90441749
1.60459E+12,1.60459E+12,25.701,cbSCg,0.90441749
1.60455E+12,1.60455E+12,22.393,LkZfj,0.904380085
1.60456E+12,1.60456E+12,26.231,uWdik,0.904312432
1.60458E+12,1.60458E+12,23.674,Ue7xh,0.904312432
1.60456E+12,1.60456E+12,24.143,ojBZY,0.904282158
1.60458E+12,1.60458E+12,23.584,h6Gty,0.904281789
1.60459E+12,1.60459E+12,26.157,OAEIm,0.904275482
1.60457E+12,1.60457E+12,23.968,eYwSN,0.904269253
1.60455E+12,1.60455E+12,23.503,v5OGD,0.904207295
1.60458E+12,1.60458E+12,14.478,doPEp,0.904205664
1.60459E+12,1.60459E+12,13.129,iG5Lt,0.904205664
1.60459E+12,1.60459E+12,14.069,wdl8Y,0.904203975
1.60458E+12,1.60458E+12,15.983,YUxVd,0.904145326
1.60455E+12,1.60455E+12,18.496,eJGUh,0.904134516
1.60455E+12,1.60455E+12,13.868,U9wwH,0.904121094
1.60457E+12,1.60457E+12,11.689,V34gn,0.904121094
1.6046E+12,1.6046E+12,17.596,lJzFk,0.904121094
1.60456E+12,1.60456E+12,12.155,Io7tN,0.904100714
1.60456E+12,1.60456E+12,11.907,vFye6,0.904100714
1.60457E+12,1.60457E+12,17.292,OFch3,0.904100714
1.60459E+12,1.60459E+12,21.625,Rizyr,0.904077357
1.60459E+12,1.60459E+12,18.07,uofNG,0.904069434
1.60456E+12,1.60456E+12,18.557,Pnlki,0.904069399
1.60456E+12,1.60456E+12,13.803,Ak1tg,0.904002788
1.6046E+12,1.6046E+12,18.161,i6EDH,0.904002788
1.60457E+12,1.60457E+12,14.755,DX6ju,0.903904205
1.60457E+12,1.60457E+12,18.738,alGHb,0.903847638
1.60456E+12,1.60456E+12,16.053,hDHlD,0.903819066
1.60455E+12,1.60455E+12,17.533,EADtm,0.903731013
1.6046E+12,1.6046E+12,13.861,Zvncu,0.903731013
1.60457E+12,1.60457E+12,15.694,G8OZS,0.903699367
1.60459E+12,1.60459E+12,17.075,bwenn,0.903699367
1.60456E+12,1.60456E+12,19.729,BcLII,0.903644953
1.60458E+12,1.60458E+12,15.384,swDpL,0.90360928
1.60455E+12,1.60455E+12,27.901,CM0FV,0.903594738
1.60455E+12,1.60455E+12,28.779,opoOd,0.903594738
1.6046E+12,1.6046E+12,27.328,Jwqce,0.903594738
1.6046E+12,1.6046E+12,32.035,e7YAw,0.903594738
1.60455E+12,1.60455E+12,19.93,fafDQ,0.903561368
1.60456E+12,1.60456E+12,20.361,gONNG,0.903561368
1.60457E+12,1.60457E+12,25.402,tdN59,0.903555447
1.60457E+12,1.60457E+12,22.453,yhqbv,0.903503123
1.60458E+12,1.60458E+12,23.364,h1GVa,0.903476318
1.60458E+12,1.60458E+12,22.664,EKrYo,0.903476318
1.60455E+12,1.60455E+12,25.784,oXt4M,0.9034751
1.6046E+12,1.6046E+12,18.855,poFGM,0.903473961
1.60456E+12,1.60456E+12,25.476,nJmtd,0.903470952
1.60458E+12,1.60458E+12,22.536,bGstr,0.903470952
1.60458E+12,1.60458E+12,18.365,b9DU6,0.903462078
1.6046E+12,1.6046E+12,21.347,fbtIW,0.903462078
1.60455E+12,1.60455E+12,25.735,OzuTw,0.903461674
1.60456E+12,1.60456E+12,26.042,e7Rtz,0.903451595
1.60459E+12,1.60459E+12,22.732,udj0G,0.903440548
1.60458E+12,1.60458E+12,18.853,d4zEI,0.903440305
1.60456E+12,1.60456E+12,15.245,kq3XZ,0.903429194
1.60459E+12,1.60459E+12,27.02,Ox8Sh,0.903426782
1.60458E+12,1.60458E+12,23.206,C9kaC,0.903422165
1.60459E+12,1.60459E+12,21.34,WoUtH,0.903419789
1.60459E+12,1.60459E+12,15.675,GxStl,0.903407598
1.60458E+12,1.60458E+12,23.896,dyPsr,0.903400433
1.60457E+12,1.60457E+12,28.947,pZg4Z,0.903350525
1.60456E+12,1.60456E+12,18.586,heeU6,0.903344808
1.60457E+12,1.60457E+12,21.687,VgYfS,0.903344808
1.60457E+12,1.60457E+12,19.69,kPfKC,0.903344808
1.60459E+12,1.60459E+12,28.84,jYZOR,0.903341761
1.60454E+12,1.60454E+12,20.249,Y9Xkr,0.903339759
1.60456E+12,1.60456E+12,27.568,M2LWQ,0.903328349
1.6046E+12,1.6046E+12,29.884,ywHhB,0.903328349
1.60461E+12,1.60461E+12,31.297,H9QyK,0.903328349
1.60457E+12,1.60457E+12,28.747,iAZVJ,0.903326661
1.6046E+12,1.6046E+12,30.796,czAm2,0.903326661
1.6046E+12,1.6046E+12,29.98,ZAqaQ,0.903282568
1.60456E+12,1.60456E+12,26.236,cv8If,0.903276808
1.60458E+12,1.60458E+12,13.838,DNh8a,0.903276621
1.6046E+12,1.6046E+12,24.646,GH17q,0.903260134
1.60456E+12,1.60456E+12,25.03,BEiIA,0.903200456
1.60459E+12,1.60459E+12,26.741,MlcM9,0.903200456
1.60455E+12,1.60455E+12,11.922,DAENz,0.903190595
1.60459E+12,1.60459E+12,23.504,nC3qY,0.903185858
1.60459E+12,1.60459E+12,22.38,wIoap,0.903181975
1.6046E+12,1.6046E+12,21.729,ytfKj,0.903179169
1.60455E+12,1.60455E+12,24.92,u4zvX,0.903161399
1.60455E+12,1.60455E+12,27.285,OvDmo,0.903161399
1.60458E+12,1.60458E+12,29.843,QlFZp,0.903161399
1.60459E+12,1.60459E+12,27.342,FGysp,0.903161399
1.6046E+12,1.6046E+12,29.765,Xwft3,0.903161399
1.6046E+12,1.6046E+12,25.467,taxds,0.903161399
1.60455E+12,1.60455E+12,22.98,TKpPm,0.90315047
1.6046E+12,1.6046E+12,21.161,Ege03,0.903143689
1.60455E+12,1.60455E+12,19.463,fdOSo,0.903095738
1.60458E+12,1.60458E+12,17.648,y7XpP,0.903095738
1.60456E+12,1.60456E+12,15.996,niUjJ,0.903002683
1.6046E+12,1.6046E+12,15.98,wkMlE,0.903002683
1.60459E+12,1.60459E+12,17.669,Z4bmx,0.902980288
1.60457E+12,1.60457E+12,24.321,LsdLs,0.902900718
1.60459E+12,1.60459E+12,22.217,n7DCo,0.902891103
1.60459E+12,1.60459E+12,25.366,WZ04B,0.902848653
1.60458E+12,1.60458E+12,25.633,NFGEx,0.902821611
1.60455E+12,1.60455E+12,18.653,kdfnj,0.902818765
1.60458E+12,1.60458E+12,17.166,bsyK0,0.902812131
1.60455E+12,1.60455E+12,16.592,D06RL,0.902805039
1.60457E+12,1.60457E+12,12.757,D9FYH,0.902765201
1.60458E+12,1.60458E+12,25.287,Z72FD,0.902724663
1.60458E+12,1.60458E+12,14.452,bhk6t,0.90271574
1.6046E+12,1.6046E+12,16.992,NW8Gd,0.90271574
1.6046E+12,1.6046E+12,19.241,PnpWJ,0.902702039
1.60455E+12,1.60455E+12,20.05,CfK1D,0.902698557
1.6046E+12,1.6046E+12,30.079,yCTE9,0.902688338
1.60456E+12,1.60456E+12,15.092,Bmhx6,0.902676525
1.60455E+12,1.60455E+12,25.72,IaFG4,0.902675292
1.60458E+12,1.60458E+12,15.258,KenAR,0.902674691
1.60455E+12,1.60455E+12,16.197,LVU0U,0.902671374
1.6046E+12,1.6046E+12,15.468,zDF5P,0.902671374
1.60457E+12,1.60457E+12,25.808,QG3AT,0.902660856
1.60455E+12,1.60455E+12,19.482,AEs5x,0.9026345
1.60457E+12,1.60457E+12,23.426,iM50g,0.902630921
1.60459E+12,1.60459E+12,21.45,wBVmD,0.902626728
1.60457E+12,1.60457E+12,25.403,oVVcs,0.902617448
1.60455E+12,1.60455E+12,24.871,Uekf3,0.902565634
1.60459E+12,1.60459E+12,14.666,cctRX,0.902554941
1.60459E+12,1.60459E+12,20.562,QPm8V,0.902539273
1.60458E+12,1.60458E+12,26.875,ehXrO,0.902538509
1.60459E+12,1.60459E+12,17.768,HsGlT,0.902537518
1.60455E+12,1.60455E+12,17.786,tZ4QZ,0.902493703
1.60456E+12,1.60456E+12,16.07,BLK9x,0.902470799
1.60456E+12,1.60456E+12,17.023,PQdbv,0.902401224
1.60456E+12,1.60456E+12,19.391,aWmOP,0.902380345
1.6046E+12,1.6046E+12,29.861,gZo4X,0.902370904
1.60459E+12,1.60459E+12,23.547,hBnKa,0.902330668
1.60458E+12,1.60458E+12,22.611,TFVLh,0.902329273
1.60458E+12,1.60458E+12,22.549,U25ab,0.902327541
1.60457E+12,1.60457E+12,21.382,fOJJj,0.902202786
1.60457E+12,1.60457E+12,24.152,zzwZa,0.902015362
1.60457E+12,1.60457E+12,16.002,CaTIa,0.901971512
1.60455E+12,1.60455E+12,16.937,EEoKB,0.901933649
1.60459E+12,1.60459E+12,21.054,EG41b,0.901848358
1.60456E+12,1.60456E+12,21.67,ltTYS,0.90184443
1.60459E+12,1.60459E+12,23.137,LcoOw,0.90184443
1.60459E+12,1.60459E+12,27.342,A4o3q,0.90184443
1.60455E+12,1.60455E+12,15.15,vzbBF,0.901823995
1.6046E+12,1.6046E+12,23.272,lj5Ib,0.901671819
1.60456E+12,1.60456E+12,15.653,uc9Qy,0.901457241
1.60455E+12,1.60455E+12,21.411,Ttbjn,0.901446816
1.60456E+12,1.60456E+12,20.408,e3hek,0.901370456
1.60456E+12,1.60456E+12,22.416,uNBjG,0.901103957
1.60459E+12,1.60459E+12,27.665,puick,0.900977988
1.60456E+12,1.60456E+12,28.078,jR0Uu,0.900977935
1.60458E+12,1.60458E+12,28.029,sWKhL,0.900977935
1.60455E+12,1.60455E+12,27.741,Eklpa,0.900977536
1.60457E+12,1.60457E+12,13.575,GCGeq,0.900957238
1.60458E+12,1.60458E+12,15.321,SezCd,0.900866429
1.60458E+12,1.60458E+12,15.035,WOkOT,0.900701302
1.60458E+12,1.60458E+12,16.572,ibliy,0.900541411
1.6046E+12,1.6046E+12,16.822,qynDh,0.898547663
1.60458E+12,1.60458E+12,16.972,hOV9L,0.898502672
1.60455E+12,1.60455E+12,25.478,bnfzs,0.898000397
1.60456E+12,1.60456E+12,23.092,rGp3s,0.897981675
1.60459E+12,1.60459E+12,20.949,nI34r,0.897841221
1.6046E+12,1.6046E+12,19.569,a89N5,0.897837285
1.60459E+12,1.60459E+12,23.643,DMJao,0.897464975
1.60456E+12,1.60456E+12,16.734,URthx,0.89730985
1.60459E+12,1.60459E+12,13.635,bhjqe,0.89730984
1.60455E+12,1.60455E+12,29.982,JBNSY,0.889513148
1.60456E+12,1.60456E+12,30.478,y11EG,0.889513148
1.60459E+12,1.60459E+12,18.945,f4Ttv,0.889513148
1.60455E+12,1.60455E+12,37.484,lZSIk,0.889513148
1.60457E+12,1.60457E+12,42.668,dXOQI,0.889513148
1.60455E+12,1.60455E+12,17.893,XW6Ef,0.889458918
1.60456E+12,1.60456E+12,17.578,zRql2,0.889458918
1.60459E+12,1.60459E+12,17.34,tx6z1,0.889458918
1.60459E+12,1.60459E+12,14.276,d4kLD,0.889458918
1.6046E+12,1.6046E+12,16.426,S4Tlk,0.889458918
1.60455E+12,1.60455E+12,17.795,DlmjI,0.889353323
1.60456E+12,1.60456E+12,27.762,GVPrn,0.889353323
1.60457E+12,1.60457E+12,21.156,j6J1I,0.889353323
1.60457E+12,1.60457E+12,22.52,Bx7WK,0.889353323
1.6046E+12,1.6046E+12,23.336,Noa3M,0.889353323
1.6046E+12,1.6046E+12,17.856,LS6tZ,0.889353323
1.60455E+12,1.60455E+12,37.822,GxGGo,0.889353323
1.6046E+12,1.6046E+12,48.17,giL20,0.889353323
1.60457E+12,1.60457E+12,18.115,czuP2,0.889345491
1.60455E+12,1.60455E+12,19.992,JGqt2,0.889225379
1.6046E+12,1.6046E+12,17.3,ENP0m,0.889160773
1.60457E+12,1.60457E+12,15.993,luP95,0.889149166
1.60454E+12,1.60454E+12,23.324,qdKsG,0.888957393
1.60455E+12,1.60455E+12,22.224,RESip,0.888957393
1.60455E+12,1.60455E+12,36.46,sjo3p,0.888957393
1.60455E+12,1.60455E+12,25.071,fmMXp,0.888957393
1.60456E+12,1.60456E+12,37.526,L9FQp,0.888957393
1.60456E+12,1.60456E+12,30.073,vh5u0,0.888957393
1.60456E+12,1.60456E+12,26.615,LC520,0.888957393
1.60457E+12,1.60457E+12,23.626,Yyt72,0.888957393
1.60457E+12,1.60457E+12,29.77,OtOJn,0.888957393
1.60458E+12,1.60458E+12,36.424,IBhZJ,0.888957393
1.60458E+12,1.60458E+12,19.467,f9mUJ,0.888957393
1.60458E+12,1.60458E+12,30.094,ytojF,0.888957393
1.6046E+12,1.6046E+12,34.002,sq2bK,0.888957393
1.6046E+12,1.6046E+12,36.093,QYk2h,0.888957393
1.6046E+12,1.6046E+12,20.279,A69lI,0.888957393
1.60454E+12,1.60454E+12,47.914,Kor1e,0.888957393
1.60456E+12,1.60456E+12,43.455,YdkX2,0.888957393
1.60456E+12,1.60456E+12,41.982,PMrzk,0.888957393
1.60456E+12,1.60456E+12,45.791,RCJfV,0.888957393
1.60457E+12,1.60457E+12,47.012,ZjV01,0.888957393
1.60458E+12,1.60458E+12,42.602,lVFER,0.888957393
1.60459E+12,1.60459E+12,46.325,x0w9p,0.888957393
1.60459E+12,1.60459E+12,45.082,GynsK,0.888957393
1.60459E+12,1.60459E+12,44.763,os4bo,0.888957393
1.60457E+12,1.60457E+12,22.491,KeSHj,0.888736256
1.60458E+12,1.60458E+12,22.693,Mmmqs,0.888736256
1.60455E+12,1.60455E+12,20.148,p26AX,0.888632148
1.60458E+12,1.60458E+12,24.816,bMjQJ,0.888624794
1.60455E+12,1.60455E+12,19.465,FluFP,0.888435975
1.60459E+12,1.60459E+12,17.557,VPtV6,0.888435975
1.60456E+12,1.60456E+12,20.955,AwV6y,0.888327965
1.60456E+12,1.60456E+12,24.44,dy7Nj,0.888327965
1.60456E+12,1.60456E+12,13.297,kfsGL,0.888304045
1.60458E+12,1.60458E+12,24.498,OnY2u,0.888299183
1.60458E+12,1.60458E+12,23.625,cKc7D,0.888170393
1.60455E+12,1.60455E+12,24.611,oEdFy,0.888142907
1.60457E+12,1.60457E+12,16.673,yNAdC,0.88813791
1.60459E+12,1.60459E+12,21.967,d4UNx,0.88813791
1.6046E+12,1.6046E+12,16.744,JTHHo,0.888112393
1.60455E+12,1.60455E+12,20.614,eoqhn,0.888081519
1.60457E+12,1.60457E+12,16.776,VYCo2,0.888008043
1.60455E+12,1.60455E+12,22.858,p0Tdt,0.887972399
1.60459E+12,1.60459E+12,26.735,IFucg,0.887972399
1.60456E+12,1.60456E+12,19.766,IpP3G,0.887962809
1.60457E+12,1.60457E+12,17.954,SpUoy,0.887962809
1.60456E+12,1.60456E+12,17.744,LAtWi,0.887960012
1.60457E+12,1.60457E+12,15.319,xexj0,0.887960012
1.60459E+12,1.60459E+12,17.974,lGuib,0.887931022
1.60456E+12,1.60456E+12,23.703,HNE7g,0.887915542
1.60458E+12,1.60458E+12,24.85,gmMEH,0.887915542
1.60458E+12,1.60458E+12,16.953,hEjk3,0.887890978
1.60457E+12,1.60457E+12,24.324,pjrfl,0.88783915
1.60458E+12,1.60458E+12,23.645,oNeDE,0.88783915
1.60458E+12,1.60458E+12,14.996,nr3Lv,0.887829494
1.60457E+12,1.60457E+12,20.278,CmYNo,0.887803729
1.60459E+12,1.60459E+12,21.76,J3zhx,0.887793495
1.60456E+12,1.60456E+12,21.02,OfY5b,0.887716957
1.60456E+12,1.60456E+12,23.213,Z248h,0.887707537
1.60458E+12,1.60458E+12,12.799,z6l8g,0.887657618
1.60459E+12,1.60459E+12,23.129,VI4ZE,0.887615356
1.60455E+12,1.60455E+12,19.556,V79tL,0.887587533
1.60459E+12,1.60459E+12,17.909,ATxDu,0.887572019
1.60457E+12,1.60457E+12,24.055,p8hJr,0.887555836
1.60458E+12,1.60458E+12,17.752,hNHvF,0.8874995
1.60455E+12,1.60455E+12,13.064,f6wQS,0.887452576
1.60456E+12,1.60456E+12,15.188,DHVfz,0.88744305
1.60456E+12,1.60456E+12,19.217,AGTOW,0.887436916
1.60459E+12,1.60459E+12,20.877,hJPxs,0.887436916
1.6046E+12,1.6046E+12,27.633,dN2bk,0.887419567
1.60458E+12,1.60458E+12,26.58,Jw3Ha,0.88738192
1.60455E+12,1.60455E+12,26.409,f5omI,0.887381516
1.6046E+12,1.6046E+12,27.632,g3J1c,0.887375128
1.60459E+12,1.60459E+12,27.158,LsVMG,0.887330163
1.6046E+12,1.6046E+12,23.312,edjvp,0.887322012
1.60455E+12,1.60455E+12,19.934,v8bVb,0.887312322
1.60457E+12,1.60457E+12,16.564,laGmg,0.887294903
1.60459E+12,1.60459E+12,19.097,wAMAJ,0.887286767
1.60457E+12,1.60457E+12,26.645,naOqi,0.887270166
1.6046E+12,1.6046E+12,25.028,xuI6F,0.887270166
1.60457E+12,1.60457E+12,18.69,UfQjb,0.887234697
1.60456E+12,1.60456E+12,23.295,CeAKQ,0.887206974
1.60454E+12,1.60454E+12,25.317,CxLeF,0.887182925
1.60455E+12,1.60455E+12,23.664,Gk7Py,0.887163761
1.60455E+12,1.60455E+12,13.908,mx1ql,0.887162936
1.60459E+12,1.60459E+12,14.808,XunZF,0.887162936
1.60455E+12,1.60455E+12,18.044,s4DrG,0.887152152
1.60458E+12,1.60458E+12,13.136,bOoxb,0.887152152
1.60458E+12,1.60458E+12,22.607,Crueg,0.887152152
1.60458E+12,1.60458E+12,17.959,HpgNI,0.887152152
1.60459E+12,1.60459E+12,21.412,zMkhR,0.887152152
1.60461E+12,1.60461E+12,24.208,bqDAu,0.887152152
1.60455E+12,1.60455E+12,29.739,agORs,0.887152152
1.60456E+12,1.60456E+12,45.816,c3Y53,0.887152152
1.60458E+12,1.60458E+12,37.843,yQbIM,0.887152152
1.60459E+12,1.60459E+12,40.303,pkgEL,0.887152152
1.6046E+12,1.6046E+12,23.853,vfBut,0.887145893
1.60455E+12,1.60455E+12,24.628,EBsdG,0.887131428
1.60455E+12,1.60455E+12,15.981,xx1OS,0.88711673
1.6046E+12,1.6046E+12,24.089,zw16w,0.887044245
1.60455E+12,1.60455E+12,17.482,iq0gD,0.887012692
1.60458E+12,1.60458E+12,18.601,zhxwS,0.88699983
1.6046E+12,1.6046E+12,18.807,nnXNc,0.886943453
1.60456E+12,1.60456E+12,11.417,m4PxD,0.886904699
1.60457E+12,1.60457E+12,16.761,WVGvG,0.886822603
1.60457E+12,1.60457E+12,15.511,vWiR9,0.886753916
1.60459E+12,1.60459E+12,21.188,ZYWhK,0.886753916
1.60455E+12,1.60455E+12,15.958,nZ1W0,0.886732589
1.60456E+12,1.60456E+12,22.035,XWOua,0.886532807
1.60458E+12,1.60458E+12,21.223,iLMQ3,0.886532612
1.60457E+12,1.60457E+12,16.552,DkXqv,0.886172079
1.60458E+12,1.60458E+12,13.367,CMWJS,0.886172079
1.60455E+12,1.60455E+12,11.31,yIo90,0.886165358
1.60457E+12,1.60457E+12,11.449,uEfZP,0.886165358
1.60459E+12,1.60459E+12,15.995,SoRpA,0.886165358
1.6046E+12,1.6046E+12,16.868,nywrh,0.886124035
1.6046E+12,1.6046E+12,16.043,Z8t1y,0.886073512
1.60457E+12,1.60457E+12,13.242,zDhJw,0.885775234
1.60457E+12,1.60457E+12,14.595,BVgkH,0.885775234
1.60459E+12,1.60459E+12,15.322,RVt8j,0.885775234
1.60457E+12,1.60457E+12,17.825,V4xLL,0.880071679
1.60456E+12,1.60456E+12,17.55,EvjV2,0.880070816
1.60455E+12,1.60455E+12,17.294,dNBBr,0.880020832
1.60458E+12,1.60458E+12,15.047,RhpLw,0.880020832
1.60455E+12,1.60455E+12,17.142,lLswx,0.880004897
1.6046E+12,1.6046E+12,19.81,tSeN0,0.880002467
1.60456E+12,1.60456E+12,14.979,G1IPM,0.879975079
1.60459E+12,1.60459E+12,16.738,HfMTL,0.879975079
1.60459E+12,1.60459E+12,16.98,RjnAw,0.879975079
1.60455E+12,1.60455E+12,17.281,JnQGa,0.879948059
1.60456E+12,1.60456E+12,17.894,Erscc,0.879923323
1.60458E+12,1.60458E+12,16.668,WfDZH,0.879548079
1.60456E+12,1.60456E+12,19.157,CjtvC,0.879531649
1.6046E+12,1.6046E+12,19.796,Tc2Ll,0.879531649
1.60459E+12,1.60459E+12,21.166,rajwk,0.879529597
1.6046E+12,1.6046E+12,20.771,m42zH,0.879529597
1.60457E+12,1.60457E+12,15.787,BfExu,0.879501631
1.6046E+12,1.6046E+12,26.182,PlVUg,0.879395381
1.60454E+12,1.60454E+12,28.753,I1K9Q,0.879358928
1.60455E+12,1.60455E+12,19.316,Tj80n,0.879352092
1.6046E+12,1.6046E+12,18.851,t1TTG,0.879349888
1.60458E+12,1.60458E+12,16.506,s0Flw,0.879306951
1.60455E+12,1.60455E+12,24.525,Fs8CK,0.879259863
1.60456E+12,1.60456E+12,25.126,ZxSBe,0.879259863
1.60456E+12,1.60456E+12,23.734,Ntizx,0.879259863
1.60457E+12,1.60457E+12,24.589,gBjIm,0.879259863
1.60459E+12,1.60459E+12,22.96,YsjQO,0.879259863
1.6046E+12,1.6046E+12,27.786,jgCT7,0.879259863
1.60461E+12,1.60461E+12,24.361,FT8um,0.879259863
1.60455E+12,1.60455E+12,25.086,PaEc5,0.879214208
1.60456E+12,1.60456E+12,21.244,HNgr7,0.879163207
1.6046E+12,1.6046E+12,23.963,hXDfp,0.879159431
1.60455E+12,1.60455E+12,15.656,wFVq1,0.879056751
1.6046E+12,1.6046E+12,19.045,ZvNCk,0.879056751
1.60458E+12,1.60458E+12,16.076,W6Lvc,0.879034584
1.60456E+12,1.60456E+12,21.862,X3Zax,0.879025711
1.60457E+12,1.60457E+12,22.667,WWIV0,0.879005147
1.60459E+12,1.60459E+12,23.276,ABFN2,0.879005147
1.60459E+12,1.60459E+12,19.411,vJcUu,0.879005147
1.60455E+12,1.60455E+12,18.28,FFSmP,0.87898592
1.60457E+12,1.60457E+12,20.115,wSl6w,0.87898592
1.6046E+12,1.6046E+12,20.135,Z3nwA,0.87898592
1.60455E+12,1.60455E+12,16.855,ZONb5,0.878957942
1.60456E+12,1.60456E+12,18.455,J2WH8,0.878957942
1.60459E+12,1.60459E+12,14.697,JKTkb,0.878957942
1.60461E+12,1.60461E+12,17.714,uREx0,0.87893787
1.6046E+12,1.6046E+12,14.61,HSbOk,0.878937864
1.60458E+12,1.60458E+12,18.717,zTLWp,0.878931354
1.60458E+12,1.60458E+12,12.118,soxEN,0.878532674
1.60459E+12,1.60459E+12,12.928,biFWT,0.878532674
1.6046E+12,1.6046E+12,14.468,SkQYA,0.878532674
1.60457E+12,1.60457E+12,16.092,ThrAQ,0.878532371
1.6046E+12,1.6046E+12,21.609,S55f7,0.878325501
1.60458E+12,1.60458E+12,17.3,YopJu,0.878322533
1.60458E+12,1.60458E+12,14.925,a2Yk6,0.878268443
1.60458E+12,1.60458E+12,15.452,pFbZN,0.878263078
1.6046E+12,1.6046E+12,12.509,Fy9ub,0.878263078
1.6046E+12,1.6046E+12,17.502,XpfKj,0.878248287
1.60455E+12,1.60455E+12,12.217,hsRmo,0.878242606
1.60458E+12,1.60458E+12,14.199,H1JK5,0.878242606
1.6046E+12,1.6046E+12,21.363,NOSJm,0.878237501
1.60458E+12,1.60458E+12,17.963,Fmpvm,0.878218616
1.60458E+12,1.60458E+12,17.669,bbh62,0.878218413
1.6046E+12,1.6046E+12,19.473,lM4O4,0.878196709
1.60455E+12,1.60455E+12,22.863,D38zL,0.87817547
1.60457E+12,1.60457E+12,24.277,uod3r,0.87817547
1.60456E+12,1.60456E+12,16.21,VW8pd,0.878135027
1.60456E+12,1.60456E+12,17.019,rdtRQ,0.878135027
1.60456E+12,1.60456E+12,16.211,NnPSW,0.87808215
1.60457E+12,1.60457E+12,13.39,u9svL,0.87808215
1.60458E+12,1.60458E+12,16.038,DfXIM,0.87808215
1.60455E+12,1.60455E+12,26.896,sDquh,0.878074078
1.60457E+12,1.60457E+12,28.81,BWA6N,0.878074078
1.60459E+12,1.60459E+12,25.432,GXn0p,0.878074078
1.60458E+12,1.60458E+12,27.95,DlO0j,0.878069427
1.6046E+12,1.6046E+12,25.846,BqaQT,0.878065576
1.60458E+12,1.60458E+12,26.328,CDhul,0.878060066
1.60458E+12,1.60458E+12,28.449,vn3sI,0.878054949
1.60455E+12,1.60455E+12,24.689,Bl0qU,0.877992606
1.6046E+12,1.6046E+12,22.285,nHClW,0.877992606
1.60455E+12,1.60455E+12,22.274,IWYVi,0.877992129
1.60455E+12,1.60455E+12,19.97,V0urt,0.877991973
1.60456E+12,1.60456E+12,24.12,nF7Ca,0.877986472
1.60456E+12,1.60456E+12,20.263,dDeWC,0.877986472
1.6046E+12,1.6046E+12,24.242,l3TjX,0.877986472
1.60455E+12,1.60455E+12,15.979,VQXuT,0.877557886
1.60456E+12,1.60456E+12,16.187,Js6C0,0.877557886
1.6046E+12,1.6046E+12,18.331,X9YzR,0.877557886
1.60455E+12,1.60455E+12,12.576,Qxdvu,0.877509116
1.60455E+12,1.60455E+12,16.286,WDeHd,0.877201286
1.60457E+12,1.60457E+12,12.197,kt9Ho,0.877201286
1.60458E+12,1.60458E+12,14.28,mCSew,0.877172034
1.60459E+12,1.60459E+12,15.219,qDUYG,0.877172034
1.60456E+12,1.60456E+12,16.931,gZuwC,0.877103759
1.60457E+12,1.60457E+12,17.135,DpSLh,0.877103759
1.60456E+12,1.60456E+12,17.339,l5w5D,0.877061018
1.60457E+12,1.60457E+12,19.858,pAEFX,0.87704848
1.60458E+12,1.60458E+12,19.773,wEnnj,0.87704848
1.60457E+12,1.60457E+12,24.203,tbTq2,0.877011659
1.60457E+12,1.60457E+12,22.782,F9oXf,0.877009259
1.60459E+12,1.60459E+12,25.843,zcm4B,0.877009259
1.6046E+12,1.6046E+12,21.292,S7k5D,0.877009259
1.60454E+12,1.60454E+12,27.252,XYV5L,0.877007729
1.60458E+12,1.60458E+12,24.149,jSSAl,0.877007729
1.6046E+12,1.6046E+12,30.869,UH0Jv,0.877005898
1.60457E+12,1.60457E+12,24.419,Wd33n,0.877005126
1.60455E+12,1.60455E+12,26.458,NSdnX,0.877004477
1.60456E+12,1.60456E+12,29.603,VXg3p,0.87700408
1.60456E+12,1.60456E+12,30.334,SkxxW,0.87700408
1.6046E+12,1.6046E+12,26.465,wK47w,0.87700408
1.60456E+12,1.60456E+12,29.081,LjKDC,0.877003018
1.60457E+12,1.60457E+12,27.375,p9MwX,0.877003018
1.60456E+12,1.60456E+12,12.772,RsVFF,0.876996284
1.60459E+12,1.60459E+12,17.137,uTbBG,0.876996284
1.60459E+12,1.60459E+12,19.251,L1Tul,0.876995002
1.6046E+12,1.6046E+12,20.941,r842t,0.876995002
1.6046E+12,1.6046E+12,16.609,Xwn7W,0.876995002
1.60455E+12,1.60455E+12,17.119,lOugX,0.876987204
1.60458E+12,1.60458E+12,13.08,uE68q,0.876987204
1.60459E+12,1.60459E+12,17.408,iPBRN,0.876987204
1.60456E+12,1.60456E+12,20.086,xlrHb,0.876977951
1.60458E+12,1.60458E+12,24.763,aCapJ,0.876977951
1.60454E+12,1.60454E+12,19.136,gUwoa,0.876972518
1.60455E+12,1.60455E+12,16.979,N7INg,0.876972518
1.60459E+12,1.60459E+12,27.624,jxG7h,0.876959386
1.60456E+12,1.60456E+12,12.756,ORjzf,0.876947856
1.60459E+12,1.60459E+12,31.787,KB6KN,0.876928799
1.60459E+12,1.60459E+12,35.79,GjijJ,0.876928799
1.60455E+12,1.60455E+12,34.914,k6yW8,0.876927418
1.60455E+12,1.60455E+12,34.189,bNpUm,0.876926504
1.60456E+12,1.60456E+12,31.337,EJ25C,0.876926504
1.60459E+12,1.60459E+12,34.502,AgJCd,0.876926504
1.60459E+12,1.60459E+12,32.476,aE5w4,0.876926504
1.60456E+12,1.60456E+12,34.308,Fan1v,0.876925082
1.60457E+12,1.60457E+12,16.443,K2TMJ,0.876913171
1.60458E+12,1.60458E+12,33.63,l26nL,0.876893959
1.60457E+12,1.60457E+12,20.15,GhRhB,0.876885639
1.60458E+12,1.60458E+12,23.829,gqSI1,0.876885639
1.60455E+12,1.60455E+12,26.507,sspuG,0.876853154
1.60456E+12,1.60456E+12,28.517,Pomsv,0.876853154
1.60457E+12,1.60457E+12,32.569,s6OLO,0.876776145
1.60457E+12,1.60457E+12,32.255,aKZWd,0.876776145
1.60454E+12,1.60454E+12,27.586,tPSAy,0.876726232
1.60458E+12,1.60458E+12,13.275,R0l2w,0.866802047
1.60459E+12,1.60459E+12,16.537,EXq0w,0.866802047
1.60457E+12,1.60457E+12,23.445,YREgy,0.866770815
1.6046E+12,1.6046E+12,18.467,lzqyB,0.866645909
1.60458E+12,1.60458E+12,15.618,tnK5I,0.866639107
1.60456E+12,1.60456E+12,15.957,npe2L,0.866571109
1.60454E+12,1.60454E+12,21.962,sS1au,0.86644378
1.60455E+12,1.60455E+12,16.789,L8k8J,0.866364874
1.60456E+12,1.60456E+12,13.097,RnnP5,0.866294901
1.60455E+12,1.60455E+12,23.315,lIyHz,0.866292888
1.60459E+12,1.60459E+12,22.616,L4uEk,0.866292888
1.60458E+12,1.60458E+12,16.529,Fvdyx,0.866271736
1.60455E+12,1.60455E+12,23.365,FpnyC,0.866036261
1.6046E+12,1.6046E+12,23.96,C0D0w,0.866036261
1.6046E+12,1.6046E+12,21.575,weWJp,0.866016002
1.60457E+12,1.60457E+12,16.524,hZ72I,0.866010968
1.60458E+12,1.60458E+12,12.451,QlOO8,0.866010968
1.60459E+12,1.60459E+12,15.573,c1sWq,0.866002307
1.6046E+12,1.6046E+12,18.281,jFsrg,0.866002307
1.60459E+12,1.60459E+12,26.378,J1U9s,0.865920695
1.60459E+12,1.60459E+12,19.595,joM2q,0.865821447
1.60455E+12,1.60455E+12,14.197,Hz3zl,0.865785043
1.60459E+12,1.60459E+12,13.408,Gin1g,0.865775515
1.60456E+12,1.60456E+12,15.976,QJ4ey,0.865763087
1.60455E+12,1.60455E+12,14.076,LXHV8,0.865736038
1.60459E+12,1.60459E+12,26.298,dRvaS,0.865722874
1.6046E+12,1.6046E+12,25.027,L0403,0.865722874
1.60457E+12,1.60457E+12,24.318,kKcLu,0.865719171
1.60457E+12,1.60457E+12,17.212,xB8cc,0.865718854
1.60456E+12,1.60456E+12,21.53,WyGdg,0.865715477
1.6046E+12,1.6046E+12,22.883,u7b0E,0.865708125
1.6046E+12,1.6046E+12,25.094,yIjEj,0.865708125
1.60457E+12,1.60457E+12,16.951,pr9Pw,0.865700033
1.60458E+12,1.60458E+12,16.835,HR2bM,0.865676589
1.60459E+12,1.60459E+12,18.728,cZ4MH,0.865674069
1.60456E+12,1.60456E+12,17.018,g58wJ,0.865593295
1.60459E+12,1.60459E+12,17.096,WG2qg,0.865550054
1.6046E+12,1.6046E+12,13.096,N8fSf,0.865550054
1.60454E+12,1.60454E+12,17.884,qX7zG,0.865543983
1.6046E+12,1.6046E+12,24.189,BaP7y,0.865520832
1.60455E+12,1.60455E+12,22.537,ROZ3z,0.865455385
1.60457E+12,1.60457E+12,26.626,Nm2jD,0.865455385
1.60457E+12,1.60457E+12,14.791,S3dvl,0.865396469
1.60456E+12,1.60456E+12,15.994,HHodX,0.865279512
1.60458E+12,1.60458E+12,25.848,qR9SN,0.865234665
1.6046E+12,1.6046E+12,19.846,LMy8V,0.865214225
1.60455E+12,1.60455E+12,17.36,z9KSo,0.865208815
1.60456E+12,1.60456E+12,17.624,WkCa9,0.865208815
1.60459E+12,1.60459E+12,17.55,QVXHV,0.865208815
1.6046E+12,1.6046E+12,23.9,Hn8jd,0.865137533
1.60456E+12,1.60456E+12,18.362,FepFY,0.865082168
1.60457E+12,1.60457E+12,19.991,LzRbS,0.865077929
1.60459E+12,1.60459E+12,17.24,uZNMi,0.865043235
1.60457E+12,1.60457E+12,17.224,fiSGN,0.865021765
1.60457E+12,1.60457E+12,21.221,E6PhA,0.865007255
1.60459E+12,1.60459E+12,18.459,sOGfG,0.864996452
1.6046E+12,1.6046E+12,12.168,RFxKz,0.864966719
1.60457E+12,1.60457E+12,24.087,L94Rp,0.864963283
1.60457E+12,1.60457E+12,22.002,POjt4,0.864865502
1.60454E+12,1.60454E+12,24.361,cjMJR,0.864836136
1.60458E+12,1.60458E+12,17.511,mVQvm,0.864577198
1.60455E+12,1.60455E+12,16.535,m7Q6D,0.864536355
1.60456E+12,1.60456E+12,17.468,LqcQL,0.864451532
1.60456E+12,1.60456E+12,19.889,IW9PD,0.864451532
1.60459E+12,1.60459E+12,15.91,CmTHR,0.864448778
1.60458E+12,1.60458E+12,16.543,meHgh,0.864154538
1.60456E+12,1.60456E+12,16.081,Sn7C0,0.864098718
1.60458E+12,1.60458E+12,15.908,FaNnG,0.864069718
1.60457E+12,1.60457E+12,13.329,GJdoP,0.864042162
1.60455E+12,1.60455E+12,16.176,GD5QX,0.863718224
1.60458E+12,1.60458E+12,11.476,sUnYH,0.863242121
1.60456E+12,1.60456E+12,13.55,CwtlX,0.86324036
1.60457E+12,1.60457E+12,16.139,YaqZ5,0.863200844
1.60459E+12,1.60459E+12,14.73,XtY3G,0.863190337
1.60457E+12,1.60457E+12,12.219,Tp77a,0.863144253
1.60455E+12,1.60455E+12,15.031,Niufz,0.863032904
1.60455E+12,1.60455E+12,16.002,QY0Dv,0.862531991
1.60454E+12,1.60454E+12,17.432,Ls5FC,0.862530808
1.60459E+12,1.60459E+12,15.386,RG9IJ,0.862530808
1.60454E+12,1.60454E+12,19.47,CmkEu,0.857513209
1.60454E+12,1.60454E+12,42.896,wcqsF,0.857513209
1.60454E+12,1.60454E+12,44.684,NW8m0,0.857513209
1.60455E+12,1.60455E+12,21.713,lswke,0.857513209
1.60455E+12,1.60455E+12,42.118,tgLhU,0.857513209
1.60455E+12,1.60455E+12,21.996,v5gE4,0.857513209
1.60455E+12,1.60455E+12,41.04,joGzC,0.857513209
1.60455E+12,1.60455E+12,40.807,WWVhJ,0.857513209
1.60455E+12,1.60455E+12,35.281,dZHqR,0.857513209
1.60455E+12,1.60455E+12,21.573,b4aCt,0.857513209
1.60456E+12,1.60456E+12,40.198,pGGIN,0.857513209
1.60456E+12,1.60456E+12,16.917,XNOyK,0.857513209
1.60456E+12,1.60456E+12,40.801,epT8M,0.857513209
1.60456E+12,1.60456E+12,34.394,lxdBe,0.857513209
1.60457E+12,1.60457E+12,38.535,S73hw,0.857513209
1.60457E+12,1.60457E+12,42.205,NNkZC,0.857513209
1.60457E+12,1.60457E+12,28.783,vcinG,0.857513209
1.60457E+12,1.60457E+12,36.615,QgkLx,0.857513209
1.60457E+12,1.60457E+12,17.563,XBC2r,0.857513209
1.60457E+12,1.60457E+12,17.565,Ql7Ou,0.857513209
1.60457E+12,1.60457E+12,35.464,Fm1mH,0.857513209
1.60457E+12,1.60457E+12,17.696,xFaQj,0.857513209
1.60457E+12,1.60457E+12,27.643,wHzay,0.857513209
1.60458E+12,1.60458E+12,35.695,R7iZ4,0.857513209
1.60458E+12,1.60458E+12,20.924,xEtGc,0.857513209
1.60458E+12,1.60458E+12,24.595,Ueqfp,0.857513209
1.60458E+12,1.60458E+12,24.951,WKOM9,0.857513209
1.60458E+12,1.60458E+12,28.194,PZb8I,0.857513209
1.60458E+12,1.60458E+12,30.324,DODim,0.857513209
1.60458E+12,1.60458E+12,35.449,tA7mr,0.857513209
1.60458E+12,1.60458E+12,32.041,hgBhL,0.857513209
1.60458E+12,1.60458E+12,16.361,cCZnQ,0.857513209
1.60459E+12,1.60459E+12,22.988,UdptY,0.857513209
1.60459E+12,1.60459E+12,22.564,fjdol,0.857513209
1.60459E+12,1.60459E+12,20.262,uhWfr,0.857513209
1.60459E+12,1.60459E+12,19.809,QCom4,0.857513209
1.60459E+12,1.60459E+12,19.087,tsBIQ,0.857513209
1.60459E+12,1.60459E+12,43.617,tVjhn,0.857513209
1.6046E+12,1.6046E+12,18.788,PuNFJ,0.857513209
1.6046E+12,1.6046E+12,15.611,E521C,0.857513209
1.6046E+12,1.6046E+12,43.161,omLxj,0.857513209
1.6046E+12,1.6046E+12,23.512,VjrWM,0.857513209
1.6046E+12,1.6046E+12,17.778,GT0cF,0.857513209
1.6046E+12,1.6046E+12,35.071,ZC7FJ,0.857513209
1.6046E+12,1.6046E+12,44.469,YqiW3,0.857513209
1.6046E+12,1.6046E+12,24.613,JviLb,0.857513209
1.60458E+12,1.60458E+12,16.682,CGbtY,0.840493134
1.60455E+12,1.60455E+12,12.645,phFJl,0.840477032
1.60457E+12,1.60457E+12,17.816,tnOCE,0.840475877
1.6046E+12,1.6046E+12,13.15,J159r,0.840475877
1.6046E+12,1.6046E+12,17.031,Mil1R,0.840475877
1.60454E+12,1.60454E+12,14.085,yeScz,0.840248852
1.60455E+12,1.60455E+12,17.058,y3i9J,0.840008725
1.60456E+12,1.60456E+12,12.96,WR6S5,0.840008725
1.60456E+12,1.60456E+12,12.985,qoAJx,0.840008725
1.60455E+12,1.60455E+12,14.688,OQbzM,0.839974044
1.60455E+12,1.60455E+12,17.625,tKJ9X,0.839974044
1.60458E+12,1.60458E+12,18.362,XyRgW,0.839966446
1.60457E+12,1.60457E+12,17.847,aGaAX,0.839962094
1.60455E+12,1.60455E+12,14.016,OiTAy,0.839941157
1.60461E+12,1.60461E+12,17.721,tknqa,0.839940209
1.60455E+12,1.60455E+12,17.683,JyAAk,0.839926399
1.60456E+12,1.60456E+12,16.765,klusl,0.839926399
1.60457E+12,1.60457E+12,25.22,TwInp,0.839758614
1.60459E+12,1.60459E+12,24.972,pDasr,0.839757758
1.60455E+12,1.60455E+12,20.578,VsiiR,0.83974271
1.6046E+12,1.6046E+12,25.963,chhNO,0.839735702
1.60455E+12,1.60455E+12,23.09,XTNHv,0.839625341
1.60455E+12,1.60455E+12,23.926,nhD5X,0.839625341
1.60457E+12,1.60457E+12,24.467,QidYF,0.839625341
1.6046E+12,1.6046E+12,22.793,dpsHO,0.839591902
1.60456E+12,1.60456E+12,22.721,jusl7,0.839572902
1.60455E+12,1.60455E+12,19.313,CPcfj,0.839298725
1.60456E+12,1.60456E+12,14.352,Jbs0z,0.839298725
1.60458E+12,1.60458E+12,19.137,sgdnv,0.839283564
1.60459E+12,1.60459E+12,20.017,SwIrw,0.839283564
1.60457E+12,1.60457E+12,21.474,Epn7b,0.839278754
1.60458E+12,1.60458E+12,21.947,EU4qA,0.839278754
1.60458E+12,1.60458E+12,21.917,uFz5o,0.839257582
1.60457E+12,1.60457E+12,18.153,i7CcD,0.839247708
1.60455E+12,1.60455E+12,22.05,Xl0Zn,0.839101108
1.60459E+12,1.60459E+12,22.668,qhGqH,0.839101108
1.60455E+12,1.60455E+12,21.857,fUpSc,0.839067705
1.60455E+12,1.60455E+12,18.169,kgaA4,0.839066478
1.60455E+12,1.60455E+12,19.473,rEzbI,0.83906527
1.60458E+12,1.60458E+12,19.387,XeQSi,0.83906527
1.60458E+12,1.60458E+12,20.559,PBrkf,0.839027686
1.60456E+12,1.60456E+12,19.066,qjTNx,0.839025831
1.60458E+12,1.60458E+12,18.63,cYJrl,0.839025831
1.60456E+12,1.60456E+12,22.19,nZjHk,0.839022955
1.60459E+12,1.60459E+12,23.722,mkpKU,0.839022955
1.60457E+12,1.60457E+12,13.511,nSqm0,0.838920066
1.60459E+12,1.60459E+12,16.33,LTpzP,0.838920066
1.60456E+12,1.60456E+12,16.742,GMvSJ,0.838887753
1.60457E+12,1.60457E+12,16.18,WYrAt,0.838887753
1.60456E+12,1.60456E+12,25.39,H73rT,0.838821324
1.60458E+12,1.60458E+12,21.16,EE2lm,0.838821324
1.60458E+12,1.60458E+12,24.677,K2Gda,0.838821324
1.60457E+12,1.60457E+12,24.05,HU6Lh,0.838815689
1.60457E+12,1.60457E+12,24.797,x0fAL,0.838815689
1.60458E+12,1.60458E+12,23.577,RGv4Q,0.838815689
1.60456E+12,1.60456E+12,25.405,kb9wj,0.838815401
1.60459E+12,1.60459E+12,24.807,onebG,0.838815401
1.60455E+12,1.60455E+12,25.065,LreJJ,0.838782817
1.60457E+12,1.60457E+12,22.705,RvmXU,0.838782817
1.60457E+12,1.60457E+12,23.28,q5E1A,0.838770473
1.60459E+12,1.60459E+12,26.541,PBAig,0.838770473
1.60458E+12,1.60458E+12,26.551,cpPiw,0.838719373
1.60459E+12,1.60459E+12,26.748,uOQQO,0.838719373
1.60461E+12,1.60461E+12,26.062,nSrpR,0.838719373
1.60455E+12,1.60455E+12,16.059,CiIow,0.838716459
1.60458E+12,1.60458E+12,15.422,hRAhT,0.838716459
1.60456E+12,1.60456E+12,16.128,NV55p,0.838714046
1.60457E+12,1.60457E+12,12.481,PAdsl,0.838687728
1.6046E+12,1.6046E+12,18.201,CqhZh,0.838687728
1.60455E+12,1.60455E+12,16.32,z4rEI,0.838685604
1.60456E+12,1.60456E+12,16.27,MHoH1,0.838685604
1.60457E+12,1.60457E+12,16.112,okHtv,0.838685604
1.60459E+12,1.60459E+12,16.558,kDXs3,0.838670705
1.60456E+12,1.60456E+12,16.006,fnnFe,0.838631183
1.60459E+12,1.60459E+12,16.027,ERx7k,0.838631183
1.60457E+12,1.60457E+12,16.129,UteCv,0.838625746
1.60455E+12,1.60455E+12,15.048,ToJs5,0.838625746
1.60458E+12,1.60458E+12,14.784,Du9Sp,0.838593469
1.60456E+12,1.60456E+12,14.347,n68Z1,0.838536261
1.60459E+12,1.60459E+12,23.117,uJ4Ce,0.838479241
1.60456E+12,1.60456E+12,19.271,soU4o,0.838478832
1.60457E+12,1.60457E+12,25.01,DPX9u,0.838478832
1.60455E+12,1.60455E+12,20.331,ATMrd,0.838441368
1.60458E+12,1.60458E+12,23.467,Vm78A,0.838441368
1.60459E+12,1.60459E+12,23.416,aRbvc,0.838441368
1.60458E+12,1.60458E+12,22.495,n6yb5,0.838439667
1.60459E+12,1.60459E+12,21.267,PEHrw,0.838439667
1.60457E+12,1.60457E+12,20.282,qw2TL,0.838411926
1.60458E+12,1.60458E+12,22.249,eDIJq,0.838411926
1.60455E+12,1.60455E+12,19.814,tFSzY,0.83841105
1.6046E+12,1.6046E+12,23.61,LtnSK,0.838387725
1.60458E+12,1.60458E+12,19.642,TdTvB,0.838387192
1.60458E+12,1.60458E+12,15.363,B1wCj,0.838382122
1.60459E+12,1.60459E+12,20.349,RAZPU,0.83837919
1.60455E+12,1.60455E+12,20.096,tyV9R,0.838306929
1.60455E+12,1.60455E+12,19.948,jX4Oo,0.838306929
1.60458E+12,1.60458E+12,17.53,xtna3,0.838306929
1.60456E+12,1.60456E+12,16.477,tovhi,0.832715433
1.60458E+12,1.60458E+12,21.626,pDVJt,0.832702662
1.60456E+12,1.60456E+12,22.85,C8Urf,0.832399692
1.60457E+12,1.60457E+12,24.28,IpV78,0.832399692
1.60457E+12,1.60457E+12,23.795,ANtzn,0.832399692
1.60458E+12,1.60458E+12,24.19,ibMlO,0.832399692
1.60457E+12,1.60457E+12,14.194,gaN2f,0.831831001
1.6046E+12,1.6046E+12,21.811,dlSDK,0.831604005
1.60458E+12,1.60458E+12,18.26,y66NB,0.831544333
1.60458E+12,1.60458E+12,16.023,Xl0C3,0.831544333
1.60459E+12,1.60459E+12,15.775,A3aSv,0.831544333
1.60459E+12,1.60459E+12,24.346,k5yBc,0.831501673
1.60455E+12,1.60455E+12,21.609,DHMg6,0.83138988
1.60459E+12,1.60459E+12,24.381,whAf6,0.83138988
1.60455E+12,1.60455E+12,16.729,bUa7k,0.83132792
1.6046E+12,1.6046E+12,16.732,ioNC9,0.83132792
1.60456E+12,1.60456E+12,23.052,jVzUt,0.831316979
1.60458E+12,1.60458E+12,24.062,NCVe5,0.831316979
1.60458E+12,1.60458E+12,17.718,CvX47,0.831288422
1.6046E+12,1.6046E+12,23.083,FsW58,0.831288422
1.60456E+12,1.60456E+12,21.712,osZtO,0.831280769
1.6046E+12,1.6046E+12,23.935,QC6Od,0.831213403
1.60457E+12,1.60457E+12,21.914,EgsUI,0.83117425
1.6046E+12,1.6046E+12,21.8,yxj0q,0.83117425
1.60458E+12,1.60458E+12,23.797,AB48Y,0.831136264
1.60459E+12,1.60459E+12,24.752,IOrjk,0.831136264
1.60456E+12,1.60456E+12,16.769,FZOjj,0.831132413
1.60456E+12,1.60456E+12,24.018,wRtbd,0.831121839
1.60454E+12,1.60454E+12,18.513,Lp6Zn,0.831115019
1.60456E+12,1.60456E+12,16.541,s7jXu,0.831115019
1.60459E+12,1.60459E+12,16.684,V843p,0.831115019
1.6046E+12,1.6046E+12,18.679,LyEvo,0.831104671
1.60459E+12,1.60459E+12,21.349,NUC22,0.831051307
1.60457E+12,1.60457E+12,24.953,FQGI7,0.830999975
1.60459E+12,1.60459E+12,24.177,yiYNn,0.830999975
1.60455E+12,1.60455E+12,20.392,R72Ot,0.830953681
1.60456E+12,1.60456E+12,22.243,IQypd,0.830766848
1.60457E+12,1.60457E+12,12.768,vJFPj,0.830750415
1.60461E+12,1.60461E+12,15.625,z4fce,0.830750415
1.60457E+12,1.60457E+12,14.176,ZQcYG,0.830737195
1.60457E+12,1.60457E+12,21.413,g7ije,0.83040994
1.6046E+12,1.6046E+12,18.68,QCCHU,0.830376238
1.6046E+12,1.6046E+12,22.83,Q2XQI,0.830347789
1.60456E+12,1.60456E+12,21.972,pJwlh,0.8302922
1.60455E+12,1.60455E+12,20.963,OeVfN,0.830181629
1.60456E+12,1.60456E+12,18.707,E57qP,0.830146546
1.60457E+12,1.60457E+12,22.726,akgX9,0.830010342
1.60455E+12,1.60455E+12,19.458,A9g23,0.829996227
1.60458E+12,1.60458E+12,17.635,KQFIK,0.829992092
1.60457E+12,1.60457E+12,22.272,J6a6G,0.829791787
1.60455E+12,1.60455E+12,18.725,xCxbT,0.829725519
1.60455E+12,1.60455E+12,15.62,GwSRn,0.829725519
1.60458E+12,1.60458E+12,18.687,YK83c,0.829725519
1.60457E+12,1.60457E+12,17.182,PwDxv,0.829688242
1.60458E+12,1.60458E+12,17.305,NDGjY,0.829686732
1.60455E+12,1.60455E+12,19.528,iIBpa,0.829646092
1.60457E+12,1.60457E+12,19.509,CvGlN,0.829623531
1.6046E+12,1.6046E+12,22.059,SCJ0U,0.829586188
1.60461E+12,1.60461E+12,23.082,PO393,0.829568185
1.60456E+12,1.60456E+12,21.581,MwoSr,0.829560315
1.60459E+12,1.60459E+12,16.548,Z607I,0.829533761
1.60458E+12,1.60458E+12,17.122,CXJqj,0.829440199
1.60458E+12,1.60458E+12,17.504,xB1WG,0.829437269
1.60456E+12,1.60456E+12,17.286,eou6S,0.829420487
1.60456E+12,1.60456E+12,14.625,kt18o,0.829420487
1.60457E+12,1.60457E+12,17.182,hqk9m,0.829319634
1.60456E+12,1.60456E+12,17.565,qjVqP,0.829281947
1.60456E+12,1.60456E+12,12.942,kvMff,0.829281947
1.60458E+12,1.60458E+12,16.573,wuqB0,0.829216481
1.60459E+12,1.60459E+12,19.172,dgaIA,0.829216481
1.60458E+12,1.60458E+12,15.718,cMDts,0.828436385
1.60454E+12,1.60454E+12,17.121,Q8uBW,0.827742163
1.60457E+12,1.60457E+12,13.674,YUB5z,0.827742163
1.60459E+12,1.60459E+12,16.065,XoZtf,0.827485812
1.60454E+12,1.60454E+12,30.58,o1XAw,0.827261069
1.60456E+12,1.60456E+12,28.228,ZZB77,0.827261069
1.60456E+12,1.60456E+12,27.633,naiuU,0.827261069
1.60458E+12,1.60458E+12,27.538,gbE0y,0.827261069
1.60456E+12,1.60456E+12,19.485,ymrzE,0.827224777
1.60457E+12,1.60457E+12,17.324,rMepQ,0.827224777
1.60458E+12,1.60458E+12,15.906,xQKDf,0.827224777
1.60454E+12,1.60454E+12,33.221,ZIgrM,0.827215369
1.60459E+12,1.60459E+12,24.655,E2mRD,0.827215369
1.60455E+12,1.60455E+12,26.199,E0KSG,0.827215369
1.60456E+12,1.60456E+12,28.278,WaexF,0.827215369
1.60459E+12,1.60459E+12,25.797,pHOQT,0.827215369
1.6046E+12,1.6046E+12,25.642,J4v5J,0.827215369
1.60454E+12,1.60454E+12,23.192,xHmew,0.827177663
1.60455E+12,1.60455E+12,16.964,NCL31,0.827177663
1.60455E+12,1.60455E+12,18.148,Lwpd0,0.827177663
1.60455E+12,1.60455E+12,19.549,UZgRq,0.827177663
1.60456E+12,1.60456E+12,16.928,GycdO,0.827177663
1.60457E+12,1.60457E+12,19.96,aM9mh,0.827177663
1.60458E+12,1.60458E+12,16.182,vWAVq,0.827177663
1.60458E+12,1.60458E+12,18.516,T5vEz,0.827177663
1.60458E+12,1.60458E+12,19.271,rOpqI,0.827177663
1.60458E+12,1.60458E+12,15.959,POvul,0.827177663
1.60459E+12,1.60459E+12,19.261,WBgcF,0.827177663
1.60459E+12,1.60459E+12,19.126,dopzl,0.827177663
1.60459E+12,1.60459E+12,19.809,auMdM,0.827177663
1.6046E+12,1.6046E+12,17.735,rBQIQ,0.827177663
1.6046E+12,1.6046E+12,18.165,YBfiH,0.827177663
1.60461E+12,1.60461E+12,20.617,Zb3bz,0.827177663
1.60459E+12,1.60459E+12,13.865,WAO2Y,0.827122791
1.60455E+12,1.60455E+12,30.368,xbEQv,0.827101515
1.60458E+12,1.60458E+12,31.158,UiSey,0.827101515
1.60454E+12,1.60454E+12,24.266,Xf8Kh,0.827075714
1.60458E+12,1.60458E+12,23.261,GO9YA,0.827075714
1.60459E+12,1.60459E+12,21.084,Fp0gG,0.827075714
1.60454E+12,1.60454E+12,17.825,NVjHQ,0.827072833
1.60455E+12,1.60455E+12,32.132,TWWkU,0.827056373
1.60456E+12,1.60456E+12,32.029,bFQLP,0.827056373
1.60456E+12,1.60456E+12,28.676,kqMm8,0.827056373
1.60457E+12,1.60457E+12,32.214,JJv5a,0.827056373
1.60457E+12,1.60457E+12,32.688,ZiHPh,0.827056373
1.60458E+12,1.60458E+12,32.469,z0iwE,0.827056373
1.60458E+12,1.60458E+12,33.725,sDuRS,0.827056373
1.60458E+12,1.60458E+12,29.64,Q2nHa,0.827056373
1.60458E+12,1.60458E+12,31.38,mkH0W,0.827056373
1.60459E+12,1.60459E+12,35.553,Svxly,0.827056373
1.60454E+12,1.60454E+12,24.911,O4Sp2,0.827025402
1.60456E+12,1.60456E+12,23.795,Kuyak,0.827025402
1.60458E+12,1.60458E+12,20.442,poJ57,0.827025402
1.60459E+12,1.60459E+12,25.518,iCF6I,0.827025402
1.60457E+12,1.60457E+12,16.59,gzEJ9,0.826975967
1.6046E+12,1.6046E+12,18.5,sWlse,0.826975967
1.60457E+12,1.60457E+12,16.39,XLzEZ,0.826911356
1.60458E+12,1.60458E+12,13.8,d6P6Y,0.826911356
1.60458E+12,1.60458E+12,14.595,Zyari,0.826911356
1.60459E+12,1.60459E+12,16.649,GLYeU,0.826911356
1.60454E+12,1.60454E+12,18.171,wXaad,0.826911356
1.60454E+12,1.60454E+12,19.611,Iteg3,0.826911356
1.60455E+12,1.60455E+12,13.836,NMtWz,0.826911356
1.60456E+12,1.60456E+12,12.653,l5XBh,0.826911356
1.60457E+12,1.60457E+12,11.52,eLjDn,0.826750972
1.60458E+12,1.60458E+12,17.959,NK2Ko,0.826468005
1.60454E+12,1.60454E+12,17.434,MM2lP,0.826415471
1.60455E+12,1.60455E+12,15.9,bNUPB,0.826326818
1.60457E+12,1.60457E+12,16.661,RXzrE,0.826326818
1.60455E+12,1.60455E+12,16.072,GoDQ2,0.82603082
1.60459E+12,1.60459E+12,11.32,C2cKE,0.826005569
1.60455E+12,1.60455E+12,13.189,jQYB5,0.825965465
1.60458E+12,1.60458E+12,15.394,TsS4Z,0.825965465
1.60459E+12,1.60459E+12,14.262,v46Xc,0.825965465
1.60456E+12,1.60456E+12,16.243,hzPd0,0.825684307
1.60456E+12,1.60456E+12,16.351,bksdd,0.825483268
1.60455E+12,1.60455E+12,16.905,Q4Fd1,0.80144544
1.60455E+12,1.60455E+12,20.145,JZhvE,0.80144544
1.60455E+12,1.60455E+12,14.427,ziz4q,0.80144544
1.60455E+12,1.60455E+12,20.792,INPva,0.80144544
1.60456E+12,1.60456E+12,18.262,LwLyF,0.80144544
1.60456E+12,1.60456E+12,21.587,KRrID,0.80144544
1.60456E+12,1.60456E+12,20.609,SS88a,0.80144544
1.60456E+12,1.60456E+12,17.262,P63qp,0.80144544
1.60458E+12,1.60458E+12,17.565,d2uxi,0.80144544
1.60458E+12,1.60458E+12,14.288,PdgRt,0.80144544
1.60458E+12,1.60458E+12,14.034,hWWki,0.80144544
1.60459E+12,1.60459E+12,12.165,OEENU,0.80144544
1.60459E+12,1.60459E+12,16.704,RpOML,0.80144544
1.60459E+12,1.60459E+12,20.001,jQD6O,0.80144544
1.60459E+12,1.60459E+12,13.658,tpPfe,0.80144544
1.60459E+12,1.60459E+12,17.332,rys02,0.80144544
1.6046E+12,1.6046E+12,22.567,nb6uG,0.80144544
1.60461E+12,1.60461E+12,21.394,dzDtt,0.80144544
1.60455E+12,1.60455E+12,26.212,X7Mqk,0.80144544
1.60455E+12,1.60455E+12,32.072,rUczN,0.80144544
1.60455E+12,1.60455E+12,25.606,DLyUs,0.80144544
1.60455E+12,1.60455E+12,32.182,RHwm2,0.80144544
1.60455E+12,1.60455E+12,25.23,sYtmA,0.80144544
1.60456E+12,1.60456E+12,25.853,tRSzy,0.80144544
1.60457E+12,1.60457E+12,28.366,ZQWlj,0.80144544
1.60457E+12,1.60457E+12,29,OgRk7,0.80144544
1.60458E+12,1.60458E+12,26.749,NZvN1,0.80144544
1.60458E+12,1.60458E+12,26.891,lSddn,0.80144544
1.60459E+12,1.60459E+12,33.05,Y5fKL,0.80144544
1.6046E+12,1.6046E+12,34.77,hXHhL,0.80144544
1.6046E+12,1.6046E+12,30.986,ZD9iD,0.80144544
1.60461E+12,1.60461E+12,28.544,OWXxm,0.80144544
1.60455E+12,1.60455E+12,34.199,EFWHj,0.80144544
1.60455E+12,1.60455E+12,34.629,bSSHk,0.80144544
1.60457E+12,1.60457E+12,34.272,taSbs,0.80144544
1.60459E+12,1.60459E+12,36.886,Rro6D,0.80144544
1.60459E+12,1.60459E+12,37.487,MZrH9,0.80144544
1.60459E+12,1.60459E+12,39.173,U3Hna,0.80144544
1.60455E+12,1.60455E+12,13.466,dHKhy,0.781789873
1.60456E+12,1.60456E+12,13.161,AfaUE,0.781789873
1.60458E+12,1.60458E+12,17.542,HHrwx,0.781789873
1.60455E+12,1.60455E+12,16.521,fJlAH,0.78171943
1.60456E+12,1.60456E+12,17.856,zGDv9,0.78171943
1.6046E+12,1.6046E+12,17.903,AoI0X,0.78171943
1.60456E+12,1.60456E+12,14.925,X4HAg,0.781575048
1.60456E+12,1.60456E+12,16.748,UuKxO,0.781498503
1.60459E+12,1.60459E+12,15.458,DJeB3,0.781498503
1.60454E+12,1.60454E+12,18.364,wl93t,0.781449105
1.60458E+12,1.60458E+12,16.309,Xon8Z,0.781449105
1.60455E+12,1.60455E+12,22.233,kVPUJ,0.780894161
1.60456E+12,1.60456E+12,21.626,IqBJf,0.780894161
1.60456E+12,1.60456E+12,17.078,zkU1v,0.780432325
1.6046E+12,1.6046E+12,16.406,ZjgVz,0.780432325
1.6046E+12,1.6046E+12,17.322,wAGrp,0.780160888
1.6046E+12,1.6046E+12,13.996,YfFHL,0.780160888
1.60458E+12,1.60458E+12,18.218,dCKqU,0.780150093
1.6046E+12,1.6046E+12,23.676,tDKiX,0.780150093
1.60457E+12,1.60457E+12,19.336,ou5Xq,0.779885616
1.60457E+12,1.60457E+12,22.366,ixeRr,0.779885616
1.60458E+12,1.60458E+12,18.36,trcYU,0.77986963
1.60456E+12,1.60456E+12,17.289,f8rjB,0.779761443
1.60458E+12,1.60458E+12,17.331,QGLzt,0.779760161
1.60456E+12,1.60456E+12,21.918,TM0oo,0.779721151
1.60458E+12,1.60458E+12,22.488,jfZlD,0.779721151
1.6046E+12,1.6046E+12,23.121,wT1EQ,0.779716651
1.60454E+12,1.60454E+12,19.742,djwUd,0.779701436
1.60456E+12,1.60456E+12,16.878,mizel,0.779701436
1.60457E+12,1.60457E+12,17.115,qRstY,0.779701436
1.60461E+12,1.60461E+12,18.896,mm24m,0.779701436
1.60456E+12,1.60456E+12,16.024,FfLMa,0.77965231
1.60455E+12,1.60455E+12,16.987,gKy1v,0.779635174
1.60459E+12,1.60459E+12,16.812,bucNq,0.779635174
1.60459E+12,1.60459E+12,14.172,CJttc,0.779635174
1.6046E+12,1.6046E+12,18.956,w06so,0.779635174
1.60459E+12,1.60459E+12,25.262,LtiFw,0.7796183
1.60457E+12,1.60457E+12,24.366,YujYs,0.779616293
1.60455E+12,1.60455E+12,23.098,QD14o,0.77961609
1.60456E+12,1.60456E+12,18.87,oFfs9,0.77961609
1.60456E+12,1.60456E+12,21.444,ZImjz,0.77961609
1.6046E+12,1.6046E+12,23.554,zjGRo,0.77961609
1.60456E+12,1.60456E+12,15.298,lyn8G,0.779582997
1.60456E+12,1.60456E+12,21.935,hMSep,0.779578612
1.60457E+12,1.60457E+12,19.436,qMCoQ,0.779578612
1.60455E+12,1.60455E+12,12.194,JrIG9,0.77953562
1.60458E+12,1.60458E+12,16.038,anqck,0.77953562
1.60457E+12,1.60457E+12,23.086,JcfWG,0.7794751
1.6046E+12,1.6046E+12,23.548,FQlt4,0.7794751
1.6046E+12,1.6046E+12,24.573,Q9Ici,0.779452405
1.60459E+12,1.60459E+12,22.629,olTa7,0.779444535
1.60459E+12,1.60459E+12,22.54,Eo959,0.779433236
1.60459E+12,1.60459E+12,21.766,qbc6z,0.779407523
1.60457E+12,1.60457E+12,21.887,VxOa3,0.779406838
1.60455E+12,1.60455E+12,13.025,KXZdq,0.779331914
1.60455E+12,1.60455E+12,17.04,wmW69,0.779331914
1.6046E+12,1.6046E+12,17.556,NTvhc,0.779280945
1.6046E+12,1.6046E+12,18.233,PXqjl,0.779280945
1.60457E+12,1.60457E+12,13.994,Kmi3V,0.77926566
1.60459E+12,1.60459E+12,17.91,kG4lD,0.77926566
1.6046E+12,1.6046E+12,16.52,sJ3oT,0.77926566
1.60459E+12,1.60459E+12,18.941,aqjPS,0.779112672
1.60455E+12,1.60455E+12,18.277,sG8tt,0.778469731
1.60457E+12,1.60457E+12,18.467,gPSRU,0.778469731
1.6046E+12,1.6046E+12,16.389,mlZET,0.778469731
1.60456E+12,1.60456E+12,21.612,xvlYI,0.778357895
1.60458E+12,1.60458E+12,17.8,gjK7T,0.778357895
1.60459E+12,1.60459E+12,19.773,fFqJO,0.778357895
1.60461E+12,1.60461E+12,22.541,hMJtW,0.778357895
1.60455E+12,1.60455E+12,13.768,YO1dn,0.778299597
1.60455E+12,1.60455E+12,16.06,YZlM9,0.778299597
1.60456E+12,1.60456E+12,16.08,uROwE,0.778299597
1.60456E+12,1.60456E+12,11.627,y11E0,0.778299597
1.60457E+12,1.60457E+12,11.292,BFwcp,0.778299597
1.60457E+12,1.60457E+12,16.188,WOKJ7,0.778299597
1.60459E+12,1.60459E+12,15.018,aoUH1,0.778299597
1.60459E+12,1.60459E+12,15.016,vtxOi,0.778299597
1.6046E+12,1.6046E+12,18.307,Zw8BW,0.778288549
1.6046E+12,1.6046E+12,20.209,rQYXk,0.778241441
1.60455E+12,1.60455E+12,20.463,BhI5q,0.778228971
1.60456E+12,1.60456E+12,19.73,LDthB,0.77822459
1.60458E+12,1.60458E+12,18.185,SfbqY,0.77822459
1.60459E+12,1.60459E+12,16.487,f7VxL,0.778192182
1.6046E+12,1.6046E+12,15.416,RZXSf,0.778192182
1.60455E+12,1.60455E+12,15.981,K6p1D,0.778140619
1.60455E+12,1.60455E+12,20.547,RxvpS,0.778006084
1.60458E+12,1.60458E+12,19.554,pUBUG,0.778006084
1.60458E+12,1.60458E+12,20.193,BhytZ,0.777947294
1.60455E+12,1.60455E+12,20.996,WYVtk,0.77794683
1.6046E+12,1.6046E+12,20.663,C8R2p,0.777901691
1.60455E+12,1.60455E+12,20.745,sLWFE,0.777897337
1.60457E+12,1.60457E+12,20.343,Yx3yj,0.777897337
1.60455E+12,1.60455E+12,16.125,QFzAd,0.777885084
1.60457E+12,1.60457E+12,19.597,bGEQl,0.777874982
1.60459E+12,1.60459E+12,23.701,Aoegi,0.777874982
1.60457E+12,1.60457E+12,15.714,sVkGU,0.777861264
1.60457E+12,1.60457E+12,20.529,FtIDA,0.77780187
1.60455E+12,1.60455E+12,14.323,Vtqty,0.777801126
1.60459E+12,1.60459E+12,15.114,BJjFN,0.777801126
1.60456E+12,1.60456E+12,19.352,SSGcV,0.777800859
1.60461E+12,1.60461E+12,15.205,zPylB,0.777800859
1.60456E+12,1.60456E+12,18.861,cvNvs,0.777741182
1.60459E+12,1.60459E+12,19.522,N5FAm,0.77767505
1.60455E+12,1.60455E+12,13.208,w5CnY,0.777594824
1.60456E+12,1.60456E+12,16.219,Jx2x9,0.777594824
1.60457E+12,1.60457E+12,13.959,Qc0Ee,0.777594824
1.60458E+12,1.60458E+12,13.423,kZyUt,0.777594824
1.60458E+12,1.60458E+12,16.564,BoavD,0.777594824
1.60458E+12,1.60458E+12,17.149,MfepD,0.777594824
1.60457E+12,1.60457E+12,23.321,xnJ9f,0.777511122
1.60458E+12,1.60458E+12,20.991,xPXnv,0.777511122
1.60458E+12,1.60458E+12,22.856,CwLzu,0.777511122
1.60456E+12,1.60456E+12,23.373,ihMK4,0.777495714
1.60457E+12,1.60457E+12,15.073,hWTgS,0.77747541
1.60456E+12,1.60456E+12,21.092,zQM1q,0.777456413
1.60456E+12,1.60456E+12,18.466,oIrT1,0.777455246
1.60456E+12,1.60456E+12,18.861,FchEb,0.777280133
1.60454E+12,1.60454E+12,18.96,mXr2A,0.777279453
1.60455E+12,1.60455E+12,16.943,EQg2G,0.777279453
1.60456E+12,1.60456E+12,18.567,Gg9Wu,0.777252636
1.60458E+12,1.60458E+12,17.239,B96wZ,0.777205274
1.60459E+12,1.60459E+12,18.685,iZzdP,0.777205274
1.60459E+12,1.60459E+12,19.158,MhtWL,0.777205274
1.60457E+12,1.60457E+12,18.652,rwNPS,0.77665005
1.60457E+12,1.60457E+12,18.856,M6sXa,0.77665005
1.60457E+12,1.60457E+12,19.507,ISCUP,0.77665005
1.60457E+12,1.60457E+12,18.939,GVAeV,0.77665005
1.60459E+12,1.60459E+12,19.523,hLtvt,0.77665005
1.60456E+12,1.60456E+12,17.526,Kttjm,0.776636507
1.60457E+12,1.60457E+12,16.661,pFUbK,0.776636507
1.60458E+12,1.60458E+12,18.92,GvPa8,0.776636507
1.60459E+12,1.60459E+12,19.99,xTO3B,0.776636507
1.60459E+12,1.60459E+12,20.797,m3GNz,0.776636507
1.60459E+12,1.60459E+12,21.661,CP6UF,0.776636507
1.6046E+12,1.6046E+12,18.016,bOR6e,0.776618284
1.60457E+12,1.60457E+12,22.033,G3sS4,0.776615297
1.60455E+12,1.60455E+12,23.544,c6ZfC,0.776603321
1.60457E+12,1.60457E+12,22.881,miswL,0.776603321
1.6046E+12,1.6046E+12,21.443,pGRBF,0.776603321
1.60457E+12,1.60457E+12,20.912,bFdhJ,0.776600697
1.60458E+12,1.60458E+12,23.445,E1aTZ,0.776600697
1.6046E+12,1.6046E+12,25.594,oi8ji,0.776600697
1.60455E+12,1.60455E+12,23.921,SoMMv,0.776600411
1.60455E+12,1.60455E+12,20.946,UxeKt,0.776600411
1.60454E+12,1.60454E+12,27.474,bvhDF,0.776597646
1.60455E+12,1.60455E+12,23.818,vB5A8,0.776597646
1.60457E+12,1.60457E+12,24.076,MJNwV,0.776597646
1.60457E+12,1.60457E+12,21.632,KNJDs,0.776597646
1.6046E+12,1.6046E+12,23.989,BWue2,0.776597646
1.6046E+12,1.6046E+12,24.066,qdmm1,0.776597646
1.60461E+12,1.60461E+12,21.29,m4YJC,0.776597646
1.60459E+12,1.60459E+12,22.021,zUCmq,0.776178382
1.60457E+12,1.60457E+12,19.96,F8b8j,0.776170448
1.60458E+12,1.60458E+12,19.149,a7cH5,0.776170448
1.60459E+12,1.60459E+12,20.262,xHZ0I,0.776170448
1.60459E+12,1.60459E+12,19.897,q2OZH,0.776170448
1.6046E+12,1.6046E+12,20.409,GIzwO,0.776170448
1.60456E+12,1.60456E+12,15.163,uVO0j,0.77616925
1.60456E+12,1.60456E+12,16.836,JCGyL,0.77616925
1.60459E+12,1.60459E+12,22.513,eksuh,0.776163999
1.60455E+12,1.60455E+12,20.303,fE0um,0.776160218
1.60456E+12,1.60456E+12,21.744,kGgGr,0.776160218
1.60458E+12,1.60458E+12,23.505,GTyCT,0.776160218
1.6046E+12,1.6046E+12,21.194,FxrYM,0.776160218
1.6046E+12,1.6046E+12,24.989,gYCdN,0.776160218
1.60458E+12,1.60458E+12,16.547,vBBgW,0.774630877
1.60459E+12,1.60459E+12,12.63,T9twy,0.774630877
1.60459E+12,1.60459E+12,15.933,Q7HGK,0.774630877
1.6046E+12,1.6046E+12,16.929,WCsbF,0.774630877
1.6046E+12,1.6046E+12,16.43,J7biE,0.774573399
1.60459E+12,1.60459E+12,16.081,bFDYv,0.77450792
1.60455E+12,1.60455E+12,13.583,liF1U,0.774472857
1.60458E+12,1.60458E+12,16.309,bq6QN,0.774421007
1.60458E+12,1.60458E+12,12.368,qVq38,0.774255637
1.60457E+12,1.60457E+12,15.006,IrOux,0.774126252
1.60458E+12,1.60458E+12,14.669,nZpZa,0.774126252
1.60457E+12,1.60457E+12,16.074,s3f6X,0.774066282
1.60459E+12,1.60459E+12,16.253,ybi31,0.774066282
1.60457E+12,1.60457E+12,17.152,Z9YBD,0.77402928
1.60458E+12,1.60458E+12,12.177,exUz5,0.77402928
1.6046E+12,1.6046E+12,18.075,v3cjI,0.77402928
1.6046E+12,1.6046E+12,15.268,KUDBS,0.77402928
1.6046E+12,1.6046E+12,18.308,rggFK,0.77402928
1.60457E+12,1.60457E+12,11.482,vNsyz,0.773963551
1.60455E+12,1.60455E+12,16.098,R8fYP,0.773881182
1.60455E+12,1.60455E+12,16,gGewf,0.773847355
1.6046E+12,1.6046E+12,16.264,UoL6O,0.773847355
1.6046E+12,1.6046E+12,16.448,XBK0B,0.773422824
1.60456E+12,1.60456E+12,16.063,z27rv,0.773421725
1.60455E+12,1.60455E+12,16.162,eJ3bW,0.773376999
1.60456E+12,1.60456E+12,16.388,qz54x,0.773376999
1.60457E+12,1.60457E+12,12.476,RkFW6,0.773376999
1.60454E+12,1.60455E+12,18.675,Bh3JQ,0.742129915
1.60456E+12,1.60456E+12,16.989,Rp0qG,0.742129915
1.60457E+12,1.60457E+12,19.503,OGsvm,0.742129915
1.60457E+12,1.60457E+12,19.281,vXdiz,0.742129915
1.60457E+12,1.60457E+12,18.697,BmOQB,0.742129915
1.60458E+12,1.60458E+12,19.878,pBXm3,0.742129915
1.6046E+12,1.6046E+12,19.15,vFKcI,0.742129915
1.6046E+12,1.6046E+12,18.037,D3Uiw,0.742129915
1.60457E+12,1.60457E+12,17.721,xgIPh,0.742069946
1.60457E+12,1.60457E+12,15.431,MKdtz,0.742069946
1.60457E+12,1.60457E+12,15.672,lMKtE,0.742069946
1.60459E+12,1.60459E+12,16.99,Takiw,0.742069946
1.6046E+12,1.6046E+12,18.765,cp9Cw,0.742069946
1.6046E+12,1.6046E+12,17.609,gJHRd,0.742069946
1.60456E+12,1.60456E+12,16.343,nnZzM,0.742069946
1.60457E+12,1.60457E+12,22.24,Bgis7,0.741770142
1.6046E+12,1.6046E+12,22.137,gSfsX,0.741770142
1.6046E+12,1.6046E+12,21.657,lTJys,0.741770142
1.60454E+12,1.60454E+12,28.92,YVcxA,0.741573048
1.60454E+12,1.60454E+12,29.701,I635i,0.741573048
1.60454E+12,1.60454E+12,28.379,FMobe,0.741573048
1.60454E+12,1.60454E+12,27.871,IbE9N,0.741573048
1.60455E+12,1.60455E+12,25.856,mI6Ln,0.741573048
1.60455E+12,1.60455E+12,22.753,UqPZv,0.741573048
1.60455E+12,1.60455E+12,25.78,ZnHt0,0.741573048
1.60457E+12,1.60457E+12,26.009,tVvjj,0.741573048
1.60458E+12,1.60458E+12,26.37,SVVcg,0.741573048
1.60459E+12,1.60459E+12,24.019,ek2zG,0.741573048
1.60459E+12,1.60459E+12,27.066,SADMj,0.741573048
1.60459E+12,1.60459E+12,27.062,GthYf,0.741573048
1.60459E+12,1.60459E+12,26.478,gWsmY,0.741573048
1.60459E+12,1.60459E+12,27.488,qMk5A,0.741573048
1.60459E+12,1.60459E+12,25.348,QpBN4,0.741573048
1.6046E+12,1.6046E+12,25.836,EiSCD,0.741573048
1.60455E+12,1.60455E+12,27.934,BTVNC,0.741345428
1.60456E+12,1.60456E+12,29.716,EsYD0,0.741345428
1.60456E+12,1.60456E+12,27.073,qgqdW,0.741345428
1.60456E+12,1.60456E+12,29.766,dF8mO,0.741345428
1.60457E+12,1.60457E+12,24.704,dS8IN,0.741345428
1.60458E+12,1.60458E+12,27.912,E2SSG,0.741345428
1.60458E+12,1.60458E+12,26.664,IoCPv,0.741345428
1.60458E+12,1.60458E+12,28.01,S9zwF,0.741345428
1.60458E+12,1.60458E+12,27.004,QNj1o,0.741345428
1.60459E+12,1.60459E+12,31.729,NZk1V,0.741345428
1.6046E+12,1.6046E+12,28.707,eIF4J,0.741345428
1.6046E+12,1.6046E+12,30.537,TpvU8,0.741345428
1.60454E+12,1.60454E+12,22.747,bmlE1,0.71612347
1.60454E+12,1.60454E+12,18.549,EzPcm,0.71612347
1.60455E+12,1.60455E+12,16.436,W8mhU,0.71612347
1.60456E+12,1.60456E+12,17.094,CnoMk,0.71612347
1.60456E+12,1.60456E+12,17.128,VDae3,0.71612347
1.60456E+12,1.60456E+12,19.503,lBaC2,0.71612347
1.60456E+12,1.60456E+12,15.131,eTdGB,0.71612347
1.60456E+12,1.60456E+12,20.72,Xv4Yf,0.71612347
1.60457E+12,1.60457E+12,12.226,rb7eb,0.71612347
1.60457E+12,1.60457E+12,15.063,ShLt9,0.71612347
1.60457E+12,1.60457E+12,17.009,ryj03,0.71612347
1.60457E+12,1.60457E+12,21.111,WKfGk,0.71612347
1.60457E+12,1.60457E+12,16.824,ykNPr,0.71612347
1.60457E+12,1.60457E+12,17.041,baIFE,0.71612347
1.60457E+12,1.60457E+12,16.465,LoO3Y,0.71612347
1.60457E+12,1.60457E+12,17.844,wKn6F,0.71612347
1.60458E+12,1.60458E+12,18.994,M54PI,0.71612347
1.60458E+12,1.60458E+12,19.483,e10yz,0.71612347
1.60459E+12,1.60459E+12,19.877,dB6vT,0.71612347
1.6046E+12,1.6046E+12,17.775,bDLYa,0.71612347
1.6046E+12,1.6046E+12,18.711,sKUok,0.71612347
1.6046E+12,1.6046E+12,17.677,YeavA,0.71612347
1.6046E+12,1.6046E+12,17.404,X8Zyx,0.71612347
1.6046E+12,1.6046E+12,16.403,dQT26,0.71612347
1.6046E+12,1.6046E+12,19.833,ndRnd,0.71612347
1.60456E+12,1.60456E+12,24.566,jukQx,0.71612347
1.60457E+12,1.60457E+12,23.842,c1Tyt,0.71612347
1.60457E+12,1.60457E+12,25.867,Qsa4U,0.71612347
1.60458E+12,1.60458E+12,21.77,N9g41,0.71612347
1.60458E+12,1.60458E+12,25.204,iGsD2,0.71612347
1.60458E+12,1.60458E+12,20.255,zO62V,0.71612347
1.60459E+12,1.60459E+12,21.572,F1aTw,0.71612347
1.60459E+12,1.60459E+12,23.932,A9acn,0.71612347
1.60459E+12,1.60459E+12,24.204,bWESG,0.71612347
1.60459E+12,1.60459E+12,25.347,RmaD3,0.71612347
1.60459E+12,1.60459E+12,22.089,OFWtB,0.71612347
1.60459E+12,1.60459E+12,24.958,KoiLQ,0.71612347
1.6046E+12,1.6046E+12,27.11,yZJFo,0.71612347
1.6046E+12,1.6046E+12,23.462,S8fhH,0.71612347
1.6046E+12,1.6046E+12,23.991,e1dMc,0.71612347
1.60454E+12,1.60454E+12,32.494,tJ4rb,0.71612347
1.60455E+12,1.60455E+12,29.217,CSfPY,0.71612347
1.60455E+12,1.60455E+12,31.288,Uq8Aq,0.71612347
1.60455E+12,1.60455E+12,28.971,kDRiR,0.71612347
1.60455E+12,1.60455E+12,29.669,ZvOdg,0.71612347
1.60456E+12,1.60456E+12,32.875,qYBdL,0.71612347
1.60456E+12,1.60456E+12,28.959,fidsR,0.71612347
1.60456E+12,1.60456E+12,29.19,F88kt,0.71612347
1.60456E+12,1.60456E+12,29.625,i7zGD,0.71612347
1.60456E+12,1.60456E+12,28.629,vw68C,0.71612347
1.60457E+12,1.60457E+12,28.747,AcFJT,0.71612347
1.60457E+12,1.60457E+12,30.883,vu9Nz,0.71612347
1.60458E+12,1.60458E+12,27.764,oAQFY,0.71612347
1.60458E+12,1.60458E+12,30.06,T1Bu9,0.71612347
1.60459E+12,1.60459E+12,29.366,ECvC0,0.71612347
1.60459E+12,1.60459E+12,33.449,BfxeC,0.71612347
1.60459E+12,1.60459E+12,27.57,tnpEY,0.71612347
1.60459E+12,1.60459E+12,26.255,PKV6S,0.71612347
1.6046E+12,1.6046E+12,31.155,MKdPe,0.71612347
1.60459E+12,1.60459E+12,17.01,EFO4l,0.713604429
1.60459E+12,1.60459E+12,13.07,hwFGF,0.713604429
1.60455E+12,1.60455E+12,13.405,rZSPs,0.713240675
1.60457E+12,1.60457E+12,17.505,yjHrp,0.713240675
1.6046E+12,1.6046E+12,13.039,guI6c,0.713240675
1.60457E+12,1.60457E+12,16.651,CD2rz,0.713195324
1.60458E+12,1.60458E+12,14.366,cT7Jf,0.713195324
1.6046E+12,1.6046E+12,15.764,eeZix,0.713195324
1.60454E+12,1.60454E+12,17.189,aY91V,0.712807485
1.60456E+12,1.60456E+12,16.861,KjmcE,0.712807485
1.60455E+12,1.60455E+12,15.57,PMDWd,0.712783454
1.60459E+12,1.60459E+12,17.103,JkqZa,0.712783454
1.6046E+12,1.6046E+12,17.042,amcZJ,0.71244482
1.60455E+12,1.60455E+12,21.892,Yv34o,0.709980556
1.6046E+12,1.6046E+12,21.629,KI5ks,0.709980556
1.60458E+12,1.60458E+12,18.298,J8Bet,0.70978341
1.60457E+12,1.60457E+12,22.934,U1p4d,0.709168758
1.60456E+12,1.60456E+12,21.907,f5VDS,0.709168758
1.60457E+12,1.60457E+12,17.79,pdUfz,0.709168758
1.60457E+12,1.60457E+12,21.728,D92of,0.709163625
1.6046E+12,1.6046E+12,23.339,pI2VD,0.709163625
1.60459E+12,1.60459E+12,20.289,HmFkI,0.709152552
1.60459E+12,1.60459E+12,23.541,byysZ,0.70915058
1.60457E+12,1.60457E+12,21.84,rFPJA,0.709069823
1.60457E+12,1.60457E+12,17.119,R9NEr,0.709069823
1.60457E+12,1.60457E+12,18.734,xsRdN,0.709069354
1.60455E+12,1.60455E+12,17.808,zXcqp,0.709064504
1.60455E+12,1.60455E+12,16.434,ekTxA,0.708449236
1.60455E+12,1.60455E+12,20.437,r2bDg,0.708350688
1.60459E+12,1.60459E+12,18.18,iBJ2F,0.708346499
1.60455E+12,1.60455E+12,20.3,gsxVo,0.708325692
1.60461E+12,1.60461E+12,20.445,agN6i,0.708325692
1.60455E+12,1.60455E+12,20.228,orw10,0.708293533
1.60456E+12,1.60456E+12,19.954,HAJDf,0.708293533
1.6046E+12,1.6046E+12,20.864,vWq4c,0.708025892
1.60458E+12,1.60459E+12,14.747,g6QRG,0.708007966
1.60455E+12,1.60455E+12,18.304,FPVpG,0.707992556
1.60456E+12,1.60456E+12,16.392,MVksW,0.707992556
1.60456E+12,1.60457E+12,19.249,lf9A5,0.707992556
1.60459E+12,1.60459E+12,20.072,wkIXJ,0.707992556
1.60459E+12,1.60459E+12,19.081,Hq8rl,0.707992556
1.60455E+12,1.60455E+12,19.992,RlCx4,0.707898251
1.60456E+12,1.60456E+12,17.039,CDXnN,0.707898251
1.60458E+12,1.60458E+12,21.327,Gq6qv,0.707898251
1.60455E+12,1.60455E+12,17.211,NwAOD,0.70789753
1.60456E+12,1.60456E+12,20.369,LvfTe,0.707887451
1.60457E+12,1.60457E+12,19.934,dJYOR,0.707887451
1.60455E+12,1.60455E+12,17.716,AUsIn,0.707512363
1.60455E+12,1.60455E+12,18.36,Qw9z2,0.707392998
1.60456E+12,1.60456E+12,13.605,fDYM2,0.707386661
1.60456E+12,1.60456E+12,13.574,uKVIe,0.707386661
1.60456E+12,1.60456E+12,18.163,FBrPg,0.707355934
1.60459E+12,1.60459E+12,16.547,UcUwH,0.707355364
1.6046E+12,1.6046E+12,16.423,VwtaS,0.707355364
1.60455E+12,1.60455E+12,17.201,Me5cR,0.707334282
1.60459E+12,1.60459E+12,16.851,HNZA9,0.707334282
1.60455E+12,1.60455E+12,17.944,fWeVx,0.707287787
1.60459E+12,1.60459E+12,13.637,gUpIy,0.707287787
1.60459E+12,1.60459E+12,17.908,ykJHW,0.707217103
1.60459E+12,1.60459E+12,18.86,idxgZ,0.707217103
1.60458E+12,1.60458E+12,14.095,UyZPT,0.707187891
1.6046E+12,1.6046E+12,17.713,gvsii,0.707185473
1.60455E+12,1.60455E+12,17.897,C7UWt,0.707106452
1.6046E+12,1.6046E+12,19.226,S8ecJ,0.707106452
1.60457E+12,1.60457E+12,18.963,XbbBl,0.707085986
1.6046E+12,1.6046E+12,17.889,kLwTH,0.707082934
1.6046E+12,1.6046E+12,17.583,SrqM1,0.70706363
1.60461E+12,1.60461E+12,17.427,s66k5,0.705487525
1.60455E+12,1.60455E+12,15.329,NBLWj,0.70547838
1.60457E+12,1.60457E+12,15.959,R7e3c,0.70547838
1.60458E+12,1.60458E+12,12.629,WdeDP,0.70547838
1.60459E+12,1.60459E+12,11.152,czZkj,0.70547838
1.6046E+12,1.6046E+12,17.073,nYFoD,0.705038139
1.6046E+12,1.6046E+12,14.133,Ltldg,0.705038139
1.60456E+12,1.60456E+12,16.02,FIu0l,0.704862096
1.60459E+12,1.60459E+12,15.505,A2rrg,0.704862096
1.6046E+12,1.6046E+12,15.631,u2Wx2,0.704605885
1.6046E+12,1.6046E+12,14.325,B3tF9,0.704605885
1.60456E+12,1.60456E+12,11.14,XXs6M,0.704358162
1.60459E+12,1.60459E+12,15.388,jHqLF,0.704358162
1.60456E+12,1.60456E+12,14.216,uWMJx,0.703913575
1.60457E+12,1.60457E+12,14.965,xclcq,0.703913575
